-- MySQL dump 10.13  Distrib 8.0.40, for Win64 (x86_64)
--
-- Host: localhost    Database: bank_collection_db
-- ------------------------------------------------------
-- Server version	8.0.40

/*!40101 SET @OLD_CHARACTER_SET_CLIENT=@@CHARACTER_SET_CLIENT */;
/*!40101 SET @OLD_CHARACTER_SET_RESULTS=@@CHARACTER_SET_RESULTS */;
/*!40101 SET @OLD_COLLATION_CONNECTION=@@COLLATION_CONNECTION */;
/*!50503 SET NAMES utf8 */;
/*!40103 SET @OLD_TIME_ZONE=@@TIME_ZONE */;
/*!40103 SET TIME_ZONE='+00:00' */;
/*!40014 SET @OLD_UNIQUE_CHECKS=@@UNIQUE_CHECKS, UNIQUE_CHECKS=0 */;
/*!40014 SET @OLD_FOREIGN_KEY_CHECKS=@@FOREIGN_KEY_CHECKS, FOREIGN_KEY_CHECKS=0 */;
/*!40101 SET @OLD_SQL_MODE=@@SQL_MODE, SQL_MODE='NO_AUTO_VALUE_ON_ZERO' */;
/*!40111 SET @OLD_SQL_NOTES=@@SQL_NOTES, SQL_NOTES=0 */;

--
-- Table structure for table `accounts`
--

DROP TABLE IF EXISTS `accounts`;
/*!40101 SET @saved_cs_client     = @@character_set_client */;
/*!50503 SET character_set_client = utf8mb4 */;
CREATE TABLE `accounts` (
  `id` int NOT NULL AUTO_INCREMENT,
  `account_id` varchar(255) NOT NULL,
  `owner_id` int NOT NULL,
  `account_number` varchar(20) NOT NULL,
  `previous_balance` decimal(10,2) NOT NULL,
  `balance` decimal(10,2) NOT NULL,
  `created_at` datetime NOT NULL,
  `deleted_at` datetime DEFAULT NULL,
  PRIMARY KEY (`id`),
  KEY `owner_id` (`owner_id`),
  CONSTRAINT `accounts_ibfk_1` FOREIGN KEY (`owner_id`) REFERENCES `customers` (`id`)
) ENGINE=InnoDB AUTO_INCREMENT=32 DEFAULT CHARSET=utf8mb4 COLLATE=utf8mb4_0900_ai_ci;
/*!40101 SET character_set_client = @saved_cs_client */;

--
-- Dumping data for table `accounts`
--

LOCK TABLES `accounts` WRITE;
/*!40000 ALTER TABLE `accounts` DISABLE KEYS */;
INSERT INTO `accounts` VALUES (1,'1',1,'0000 1234 5678 9000',9799.00,9799.00,'2025-01-30 00:00:00',NULL),(2,'2',2,'0000 1234 5678 9001',79700.00,79700.00,'2025-01-30 00:00:00',NULL),(3,'3',3,'0000 1234 5678 9002',77987.00,77987.00,'2025-01-30 00:00:00',NULL),(4,'4',4,'0000 1234 5678 9003',72422.00,72422.00,'2025-01-30 00:00:00',NULL),(5,'5',5,'0000 1234 5678 9004',78015.00,78015.00,'2025-01-30 00:00:00',NULL),(6,'6',6,'0000 1234 5678 9005',20440.00,20440.00,'2025-01-30 00:00:00',NULL),(7,'7',7,'0000 1234 5678 9006',88980.00,88980.00,'2025-01-30 00:00:00',NULL),(8,'8',8,'0000 1234 5678 9007',38795.00,38795.00,'2025-01-30 00:00:00',NULL),(9,'9',9,'0000 1234 5678 9008',64000.00,64000.00,'2025-01-30 00:00:00',NULL),(10,'10',10,'0000 1234 5678 9009',32310.00,32310.00,'2025-01-30 00:00:00',NULL),(11,'11',11,'0000 1234 5678 9010',18077.00,18077.00,'2025-01-30 00:00:00',NULL),(12,'12',12,'0000 1234 5678 9011',65660.00,65660.00,'2025-01-30 00:00:00',NULL),(13,'13',13,'0000 1234 5678 9012',92470.00,92470.00,'2025-01-30 00:00:00',NULL),(14,'14',14,'0000 1234 5678 9013',78600.00,78600.00,'2025-01-30 00:00:00',NULL),(15,'15',15,'0000 1234 5678 9014',62175.00,62175.00,'2025-01-30 00:00:00',NULL),(16,'16',16,'0000 1234 5678 9015',59985.00,59985.00,'2025-01-30 00:00:00',NULL),(17,'17',17,'0000 1234 5678 9016',28499.50,28499.50,'2025-01-30 00:00:00',NULL),(18,'18',18,'0000 1234 5678 9017',79950.00,79950.00,'2025-01-30 00:00:00',NULL),(19,'19',19,'0000 1234 5678 9018',70124.50,70124.50,'2025-01-30 00:00:00',NULL),(20,'20',20,'0000 1234 5678 9019',68363.00,68363.00,'2025-01-30 00:00:00',NULL),(21,'21',21,'0000 1234 5678 9020',54943.00,54943.00,'2025-01-30 00:00:00',NULL),(22,'22',22,'0000 1234 5678 9021',69448.00,69448.00,'2025-01-30 00:00:00',NULL),(23,'23',23,'0000 1234 5678 9022',89973.00,89973.00,'2025-01-30 00:00:00',NULL),(24,'24',24,'0000 1234 5678 9023',73279.50,73279.50,'2025-01-30 00:00:00',NULL),(25,'25',25,'0000 1234 5678 9024',80125.00,80125.00,'2025-01-30 00:00:00',NULL),(26,'26',26,'0000 1234 5678 9025',64475.50,64475.50,'2025-01-30 00:00:00',NULL),(27,'27',27,'0000 1234 5678 9026',79865.00,79865.00,'2025-01-30 00:00:00',NULL),(28,'28',28,'0000 1234 5678 9027',57000.00,57000.00,'2025-01-30 00:00:00',NULL),(29,'29',29,'0000 1234 5678 9028',90230.00,90230.00,'2025-01-30 00:00:00',NULL),(30,'30',30,'0000 1234 5678 9029',90000.00,90000.00,'2025-01-30 00:00:00',NULL),(31,'31',1,'0000 1234 5678 9030',1482.00,1482.00,'2025-01-30 00:00:00',NULL);
/*!40000 ALTER TABLE `accounts` ENABLE KEYS */;
UNLOCK TABLES;

--
-- Table structure for table `approvals`
--

DROP TABLE IF EXISTS `approvals`;
/*!40101 SET @saved_cs_client     = @@character_set_client */;
/*!50503 SET character_set_client = utf8mb4 */;
CREATE TABLE `approvals` (
  `id` int NOT NULL AUTO_INCREMENT,
  `approval_id` varchar(255) NOT NULL,
  `transaction_id` int NOT NULL,
  `is_approved` int DEFAULT NULL,
  `authorizer_id` int DEFAULT NULL,
  `date_hour` datetime DEFAULT NULL,
  PRIMARY KEY (`id`),
  KEY `transaction_id` (`transaction_id`),
  KEY `approvals_ibfk_2` (`authorizer_id`),
  CONSTRAINT `approvals_ibfk_1` FOREIGN KEY (`transaction_id`) REFERENCES `transactions` (`id`),
  CONSTRAINT `approvals_ibfk_2` FOREIGN KEY (`authorizer_id`) REFERENCES `users` (`id`)
) ENGINE=InnoDB AUTO_INCREMENT=198 DEFAULT CHARSET=utf8mb4 COLLATE=utf8mb4_0900_ai_ci;
/*!40101 SET character_set_client = @saved_cs_client */;

--
-- Dumping data for table `approvals`
--

LOCK TABLES `approvals` WRITE;
/*!40000 ALTER TABLE `approvals` DISABLE KEYS */;
INSERT INTO `approvals` VALUES (1,'APVL000001',3,1,1,'2025-02-01 21:28:35'),(2,'APVL000002',4,1,1,'2025-02-01 21:46:59'),(3,'APVL000003',5,1,1,'2025-02-01 23:27:02'),(4,'APVL000004',6,1,1,'2025-02-01 23:52:00'),(5,'APVL000005',7,1,1,'2025-02-01 23:59:16'),(6,'APVL000006',8,1,1,'2025-02-02 00:27:46'),(7,'APVL000007',11,1,1,'2025-02-02 00:52:38'),(8,'APVL000008',12,1,1,'2025-02-02 13:34:27'),(9,'APVL000009',15,1,1,'2025-02-03 18:28:18'),(10,'APVL000010',16,1,1,'2025-02-03 18:30:27'),(11,'APVL000011',17,1,1,'2025-02-04 20:41:06'),(12,'APVL000012',18,1,1,'2025-02-05 15:15:27'),(13,'APVL000013',19,1,1,'2025-02-05 15:15:28'),(14,'APVL000014',20,1,1,'2025-02-05 15:15:29'),(15,'APVL000015',21,1,1,'2025-02-05 15:15:29'),(16,'APVL000016',22,1,1,'2025-02-05 15:15:30'),(17,'APVL000017',23,1,1,'2025-02-05 15:15:31'),(18,'APVL000018',24,1,1,'2025-02-05 15:15:32'),(19,'APVL000019',25,1,1,'2025-02-05 15:15:33'),(20,'APVL000020',26,1,1,'2025-02-05 17:50:47'),(21,'APVL000021',27,1,1,'2025-02-05 17:50:48'),(22,'APVL000022',28,1,1,'2025-02-05 17:32:31'),(39,'APVL000023',61,1,1,'2025-02-06 16:32:21'),(40,'APVL000040',62,1,1,'2025-02-06 16:33:19'),(41,'APVL000041',63,1,1,'2025-02-06 19:18:31'),(42,'APVL000042',64,1,1,'2025-02-06 19:19:03'),(43,'APVL000043',65,1,1,'2025-02-06 19:19:05'),(44,'APVL000044',66,1,1,'2025-02-06 19:19:29'),(45,'APVL000045',67,1,1,'2025-02-06 19:18:14'),(46,'APVL000046',68,1,1,'2025-02-06 19:04:04'),(47,'APVL000047',69,1,1,'2025-02-06 19:13:00'),(48,'APVL000048',70,1,1,'2025-02-06 19:13:57'),(49,'APVL000049',71,1,1,'2025-02-06 19:16:19'),(50,'APVL000050',72,1,1,'2025-02-06 19:17:43'),(51,'APVL000051',73,1,1,'2025-02-06 19:28:43'),(52,'APVL000052',74,1,1,'2025-02-06 19:30:02'),(53,'APVL000053',75,1,1,'2025-02-06 19:32:55'),(54,'APVL000054',76,1,1,'2025-02-06 19:34:37'),(55,'APVL000055',77,1,1,'2025-02-06 19:36:29'),(56,'APVL000056',78,1,1,'2025-02-06 19:37:28'),(57,'APVL000057',79,1,1,'2025-02-06 19:38:51'),(58,'APVL000058',80,1,1,'2025-02-06 19:40:36'),(59,'APVL000059',81,1,1,'2025-02-06 19:41:49'),(60,'APVL000060',86,1,1,'2025-02-06 19:51:28'),(61,'APVL000061',87,1,1,'2025-02-06 20:04:48'),(62,'APVL000062',88,1,1,'2025-02-06 20:07:45'),(63,'APVL000063',89,1,1,'2025-02-06 20:13:25'),(64,'APVL000064',90,1,1,'2025-02-06 20:14:31'),(65,'APVL000065',91,1,1,'2025-02-06 20:20:18'),(66,'APVL000066',92,1,1,'2025-02-06 20:20:49'),(67,'APVL000067',93,0,1,'2025-02-06 21:05:07'),(68,'APVL000068',94,1,1,'2025-02-06 21:07:36'),(69,'APVL000069',95,0,1,'2025-02-06 21:14:40'),(70,'APVL000070',96,1,1,'2025-02-06 21:15:19'),(71,'APVL000071',97,1,1,'2025-02-06 21:16:03'),(72,'APVL000072',98,0,1,'2025-02-06 21:16:43'),(73,'APVL000073',99,0,1,'2025-02-07 16:39:06'),(74,'APVL000074',100,0,1,'2025-02-07 11:21:13'),(75,'APVL000075',101,0,1,'2025-02-07 11:21:34'),(76,'APVL000076',102,0,1,'2025-02-07 11:21:58'),(77,'APVL000077',103,0,1,'2025-02-07 16:39:13'),(78,'APVL000078',104,0,1,'2025-02-07 11:46:43'),(79,'APVL000079',105,0,1,'2025-02-07 11:47:46'),(80,'APVL000080',106,0,1,'2025-02-07 11:48:49'),(81,'APVL000081',107,1,1,'2025-02-09 12:52:55'),(82,'APVL000082',108,0,1,'2025-02-09 12:52:58'),(83,'APVL000083',109,1,1,'2025-02-07 16:13:21'),(84,'APVL000084',110,1,1,'2025-02-07 16:16:29'),(85,'APVL000085',111,1,1,'2025-02-07 16:20:36'),(86,'APVL000086',112,1,1,'2025-02-07 16:22:01'),(87,'APVL000087',113,0,1,'2025-02-07 16:37:14'),(88,'APVL000088',114,1,1,'2025-02-07 16:23:57'),(89,'APVL000089',115,1,1,'2025-02-07 16:24:35'),(90,'APVL000090',116,1,1,'2025-02-07 16:25:41'),(91,'APVL000091',117,1,1,'2025-02-07 16:29:25'),(92,'APVL000092',118,0,1,'2025-02-07 16:34:45'),(93,'APVL000093',119,1,1,'2025-02-07 16:36:14'),(94,'APVL000094',120,0,1,'2025-02-07 16:41:17'),(95,'APVL000095',121,1,1,'2025-02-07 16:45:24'),(96,'APVL000096',122,1,1,'2025-02-07 16:46:07'),(97,'APVL000097',123,1,1,'2025-02-07 16:47:35'),(98,'APVL000098',124,1,1,'2025-02-07 16:49:16'),(99,'APVL000099',125,1,1,'2025-02-07 16:50:45'),(100,'APVL000100',126,1,1,'2025-02-07 16:51:35'),(101,'APVL000101',128,1,1,'2025-02-07 16:57:41'),(102,'APVL000102',129,1,1,'2025-02-07 17:09:49'),(103,'APVL000103',130,0,1,'2025-02-07 17:06:44'),(104,'APVL000104',131,0,1,'2025-02-07 17:10:55'),(105,'APVL000105',132,1,1,'2025-02-07 17:11:17'),(106,'APVL000106',133,1,1,'2025-02-07 18:18:45'),(107,'APVL000107',134,1,1,'2025-02-07 18:20:06'),(108,'APVL000108',135,1,1,'2025-02-07 18:20:16'),(109,'APVL000109',143,1,1,'2025-02-08 18:04:48'),(110,'APVL000110',146,1,1,'2025-02-08 19:43:50'),(111,'APVL000111',148,1,1,'2025-02-08 20:07:05'),(112,'APVL000112',149,1,1,'2025-02-09 12:52:59'),(113,'APVL000113',150,1,1,'2025-02-09 12:56:03'),(114,'APVL000114',151,1,1,'2025-02-09 13:05:32'),(115,'APVL000115',152,1,1,'2025-02-09 13:08:20'),(116,'APVL000116',153,1,1,'2025-02-09 13:10:06'),(117,'APVL000117',154,1,1,'2025-02-09 13:11:13'),(118,'APVL000118',155,0,1,'2025-02-09 13:20:32'),(119,'APVL000119',156,1,1,'2025-02-09 13:20:37'),(120,'APVL000120',158,1,1,'2025-02-09 13:25:30'),(121,'APVL000121',160,1,1,'2025-02-09 13:42:55'),(122,'APVL000122',164,1,1,'2025-02-09 13:45:26'),(123,'APVL000123',165,0,1,'2025-02-09 13:52:00'),(124,'APVL000124',166,1,1,'2025-02-09 13:47:28'),(125,'APVL000125',168,0,1,'2025-02-09 14:04:16'),(126,'APVL000126',169,1,1,'2025-02-09 14:04:48'),(127,'APVL000127',172,1,1,'2025-02-10 00:05:31'),(128,'APVL000128',175,0,1,'2025-02-10 00:23:15'),(129,'APVL000129',178,1,1,'2025-02-10 07:05:30'),(130,'APVL000130',179,1,1,'2025-02-10 07:14:13'),(131,'APVL000131',184,1,1,'2025-02-10 07:30:57'),(132,'APVL000132',185,1,1,'2025-02-10 10:44:23'),(133,'APVL000133',186,1,1,'2025-02-10 10:46:36'),(134,'APVL000134',187,1,1,'2025-02-10 10:51:07'),(135,'APVL000135',188,1,1,'2025-02-10 10:52:41'),(136,'APVL000136',189,1,1,'2025-02-10 11:03:47'),(137,'APVL000137',190,1,1,'2025-02-10 11:10:14'),(138,'APVL000138',191,1,1,'2025-02-10 11:14:32'),(139,'APVL000139',192,1,1,'2025-02-10 11:15:30'),(140,'APVL000140',193,1,1,'2025-02-10 11:19:36'),(141,'APVL000141',194,1,1,'2025-02-10 11:28:45'),(142,'APVL000142',195,1,1,'2025-02-10 11:30:44'),(143,'APVL000143',196,1,1,'2025-02-10 11:32:32'),(144,'APVL000144',197,1,1,'2025-02-10 12:32:16'),(145,'APVL000145',198,1,1,'2025-02-10 12:36:47'),(146,'APVL000146',201,1,1,'2025-02-10 12:41:31'),(147,'APVL000147',202,0,1,'2025-02-10 12:42:11'),(148,'APVL000148',203,1,1,'2025-02-10 12:53:50'),(149,'APVL000149',204,1,1,'2025-02-10 12:54:14'),(150,'APVL000150',205,1,1,'2025-02-10 12:57:03'),(151,'APVL000151',206,1,1,'2025-02-10 12:58:53'),(152,'APVL000152',207,1,1,'2025-02-10 13:01:23'),(153,'APVL000153',208,1,1,'2025-02-10 13:03:55'),(154,'APVL000154',209,1,1,'2025-02-10 13:07:10'),(155,'APVL000155',210,1,1,'2025-02-10 13:14:22'),(156,'APVL000156',211,0,1,'2025-02-10 13:15:02'),(157,'APVL000157',212,0,1,'2025-02-10 13:16:42'),(158,'APVL000158',213,0,1,'2025-02-10 13:17:22'),(159,'APVL000159',216,0,1,'2025-02-10 16:02:35'),(160,'APVL000160',217,0,1,'2025-02-10 16:02:37'),(161,'APVL000161',218,0,1,'2025-02-10 20:16:00'),(162,'APVL000162',219,0,1,'2025-02-10 20:18:13'),(163,'APVL000163',220,0,1,'2025-02-10 20:20:30'),(164,'APVL000164',221,0,1,'2025-02-11 16:41:44'),(165,'APVL000165',222,0,1,'2025-02-11 16:41:45'),(166,'APVL000166',223,0,1,'2025-02-13 18:25:31'),(167,'APVL000167',224,1,3,'2025-02-12 12:07:46'),(168,'APVL000168',225,0,1,'2025-02-13 18:25:55'),(169,'APVL000169',234,1,3,'2025-02-12 11:44:46'),(170,'APVL000170',239,1,1,'2025-02-13 18:21:08'),(171,'APVL000171',243,1,1,'2025-02-13 18:37:00'),(172,'APVL000172',244,1,1,'2025-02-13 18:38:54'),(173,'APVL000173',245,0,1,'2025-02-13 21:05:38'),(174,'APVL000174',251,1,1,'2025-02-13 22:52:58'),(175,'APVL000175',252,1,1,'2025-02-14 00:44:44'),(176,'APVL000176',253,1,1,'2025-02-14 00:44:45'),(177,'APVL000177',254,1,1,'2025-02-14 00:44:46'),(178,'APVL000178',255,1,1,'2025-02-14 00:44:47'),(179,'APVL000179',256,1,1,'2025-02-14 00:44:47'),(180,'APVL000180',257,1,1,'2025-02-14 00:44:48'),(181,'APVL000181',258,1,1,'2025-02-13 23:21:25'),(182,'APVL000182',259,1,1,'2025-02-13 23:22:53'),(183,'APVL000183',268,1,1,'2025-02-18 13:37:03'),(184,'APVL000184',269,1,1,'2025-02-20 16:55:22'),(185,'APVL000185',270,0,1,'2025-02-20 17:01:50'),(186,'APVL000186',271,0,1,'2025-02-20 17:01:43'),(187,'APVL000187',272,0,1,'2025-02-20 17:01:48'),(188,'APVL000188',280,0,1,'2025-02-20 17:02:29'),(189,'APVL000189',283,0,1,'2025-02-20 17:03:06'),(190,'APVL000190',285,1,1,'2025-02-20 17:21:30'),(191,'APVL000191',286,0,1,'2025-02-20 17:21:32'),(192,'APVL000192',287,1,1,'2025-02-20 17:21:33'),(193,'APVL000193',289,1,1,'2025-02-20 17:22:34'),(194,'APVL000194',290,NULL,NULL,NULL),(195,'APVL000195',291,NULL,NULL,NULL),(196,'APVL000196',292,NULL,NULL,NULL),(197,'APVL000197',293,1,1,'2025-02-21 12:22:01');
/*!40000 ALTER TABLE `approvals` ENABLE KEYS */;
UNLOCK TABLES;

--
-- Table structure for table `audit`
--

DROP TABLE IF EXISTS `audit`;
/*!40101 SET @saved_cs_client     = @@character_set_client */;
/*!50503 SET character_set_client = utf8mb4 */;
CREATE TABLE `audit` (
  `id` int NOT NULL AUTO_INCREMENT,
  `user_id` int NOT NULL,
  `action` varchar(255) NOT NULL,
  `details` varchar(255) NOT NULL,
  `date_hour` datetime NOT NULL,
  `client_details` varchar(255) NOT NULL,
  PRIMARY KEY (`id`),
  KEY `user_id` (`user_id`),
  CONSTRAINT `audit_ibfk_1` FOREIGN KEY (`user_id`) REFERENCES `users` (`id`)
) ENGINE=InnoDB AUTO_INCREMENT=794 DEFAULT CHARSET=utf8mb4 COLLATE=utf8mb4_0900_ai_ci;
/*!40101 SET character_set_client = @saved_cs_client */;

--
-- Dumping data for table `audit`
--

LOCK TABLES `audit` WRITE;
/*!40000 ALTER TABLE `audit` DISABLE KEYS */;
INSERT INTO `audit` VALUES (1,1,'Inicio de Sesión','Inicio de Sesión Correcto','2025-02-01 11:37:29','a'),(2,1,'Añadir Colector','Adición de Nuevo Colector','2025-02-01 11:49:33','a'),(3,2,'Transacción Registrada','Se Creo la Transacción TSC000008 por un Monto de $10000','2025-02-02 00:22:42','a'),(4,2,'Transacción Registrada','Se Creo la Transacción TSC000010 por un Monto de $150','2025-02-02 00:31:05','a'),(5,2,'Transacción Registrada','Se Creo la Transacción TSC000011 por un Monto de $10000','2025-02-02 00:52:09','a'),(6,1,'Transacción Aprobada','Se Aprobó la Transacción TSC000011 por un Monto de $10000.00','2025-02-02 00:52:38','a'),(7,1,'Cliente Actualizado','Se Actualizaron los Datos del Cliente con Número de Identidad 00000029-9','2025-02-02 01:08:21','a'),(8,1,'Cliente Eliminado','Se Eliminó al Cliente con Número de Identidad 000000030-0','2025-02-02 01:15:15','a'),(9,1,'Pago a Colector Realizado','Pago de $25 Realizado a TIGO por Servicio de Intenet Residencial','2025-02-02 01:31:05','a'),(10,1,'Pago a Colector Realizado','Pago de $25 Realizado a TIGO por Servicio de Intenet Residencial','2025-02-02 01:31:47','a'),(11,1,'Pago a Colector Realizado','Pago de $20 Realizado a Ancianas en Bikini sin Dentadura por Besuqueadas','2025-02-02 01:34:19','a'),(12,1,'Pago a Colector Realizado','Pago de $15 Realizado a ANDA por Servicio de Agua Potable','2025-02-02 01:39:42','a'),(13,1,'Pago a Colector Realizado','Pago de $20 Realizado a UES por Mensualidad UES','2025-02-02 01:40:06','a'),(14,1,'Pago a Colector Realizado','Pago de $65 Realizado a UTEC por Mensualidad UTEC','2025-02-02 01:48:33','a'),(15,1,'Pago a Colector Realizado','Pago de $15 Realizado a Del Sur por Servicio de Luz Eléctrica','2025-02-02 01:49:04','a'),(16,1,'Tipo de Transacción Eliminado','Ejemplo Eliminado','2025-02-02 02:02:22','a'),(17,1,'Nuevo Tipo de Transacción Registrado','Ejemplo2 Registrado','2025-02-02 02:02:57','a'),(18,1,'Tipo de Transacción Eliminado','Cola de vaca Eliminado','2025-02-02 02:03:07','a'),(19,1,'Tipo de Transacción Eliminado','Ejemplo2 Eliminado','2025-02-02 02:03:09','a'),(20,1,'Tipo de Transacción Actualizado','Se Actualizó el Nombre del Tipo de Transacción con Código 5 Actualizado','2025-02-02 02:05:39','a'),(21,1,'Tipo de Transacción Eliminado','Se Eliminó el Tipo de Transacción Ejemplo3','2025-02-02 02:06:25','a'),(22,1,'Asignación de Nuevo Rol','Se Asignó el Rol 2 al Usuario Juan Caballo','2025-02-02 02:10:12','a'),(23,1,'Asignación de Nuevo Rol','Se Asignó el Rol Cajero al Usuario Juan Caballo','2025-02-02 02:12:06','a'),(24,1,'Usuario Actualizado','Se Actualizaron los Datos del Usuario Juan Caballo','2025-02-02 02:14:10','a'),(25,1,'Usuario Eliminado','Se Eliminó el Usuario Juan Caballo','2025-02-02 02:22:51','a'),(26,1,'Colector Registrado','Se Registró al Colector Ejemplo','2025-02-02 02:25:46','a'),(27,1,'Colector Registrado','Se Registró al Colector Ejemplo 2','2025-02-02 02:31:10','a'),(28,1,'Servicio Registrado','Se Registró el Servicio Ejemplo Servicio 2 del Colector Ejemplo 2','2025-02-02 02:31:10','a'),(29,1,'Inicio de Sesión','Inicio de Sesión Correcto','2025-02-02 02:40:28','a'),(30,1,'Inicio de Sesión','Inicio de Sesión Correcto','2025-02-02 02:41:39','a'),(31,1,'Inicio de Sesión','Inicio de Sesión Correcto','2025-02-02 02:43:31','a'),(32,1,'Eliminación de Colector','Se Eliminó al Colector Ancianas en Bikini sin Dentadura','2025-02-02 03:06:26','a'),(33,1,'Eliminación de Colector','Se Eliminó al Colector Ancianas en Bikini sin Dentadura','2025-02-02 03:06:47','a'),(34,1,'Eliminación de Colector','Se Eliminó al Colector Ancianas en Bikini sin Dentadura','2025-02-02 03:12:06','a'),(35,1,'Eliminación de Colector','Se Eliminó al Colector Ancianas en Bikini sin Dentadura','2025-02-02 03:14:32','a'),(36,1,'Eliminación de Colector','Se Eliminó al Colector Ejemplo 2','2025-02-02 03:16:01','a'),(37,1,'Inicio de Sesión','Inicio de Sesión Correcto','2025-02-02 03:36:40','a'),(38,1,'Inicio de Sesión','Inicio de Sesión Correcto','2025-02-02 03:37:16','a'),(39,2,'Inicio de Sesión','Inicio de Sesión Correcto','2025-02-02 03:37:43','a'),(40,1,'Inicio de Sesión','Inicio de Sesión Correcto','2025-02-02 03:37:50','a'),(41,1,'Inicio de Sesión','Inicio de Sesión Correcto','2025-02-02 03:40:13','a'),(42,2,'Inicio de Sesión','Inicio de Sesión Correcto','2025-02-02 03:40:55','a'),(43,1,'Inicio de Sesión','Inicio de Sesión Correcto','2025-02-02 11:14:57','a'),(44,2,'Inicio de Sesión','Inicio de Sesión Correcto','2025-02-02 13:01:13','a'),(45,2,'Transacción Registrada','Se Creo la Transacción TSC000012, de $11000','2025-02-02 13:01:40','a'),(46,1,'Transacción Aprobada','Se Aprobó la Transacción TSC000012 por un Monto de $11000.00','2025-02-02 13:34:27','a'),(47,1,'Colector Modificado','Se Modificó el Colector TIGO','2025-02-02 13:59:06','a'),(48,1,'Colector Modificado','Se Modificó el Colector TIGO','2025-02-02 13:59:13','a'),(49,1,'Servicio Registrado','Se Registró el Servicio Internet Residencial Para el Colector CLARO Desde la Vista Servicios','2025-02-02 16:02:14','a'),(50,1,'Servicio Actualizado','Se Actualizó el Servicio Internet Residencial de 10MB del Colector CLARO','2025-02-02 16:25:12','a'),(51,1,'Servicio Eliminado','Se Eliminó el Servicio Ejemplo Servicio 2 del Colector Ejemplo 2','2025-02-02 16:42:18','a'),(52,1,'Servicio Actualizado','Se Actualizó el Servicio Intenet Residencial de 50MB del Colector JAPI','2025-02-02 16:45:29','a'),(53,1,'Colector Registrado','Se Registró al Colector Mi Colector','2025-02-02 17:29:41','a'),(54,1,'Servicio Registrado','Se Registró el Servicio asdas del Colector Mi Colector','2025-02-02 17:29:41','a'),(55,2,'Transacción Registrada','Se Creo la Transacción TSC000013, de $250.75','2025-02-02 17:31:38','a'),(56,1,'Pago a Colector Realizado','Pago de $22 Realizado a TIGO por Intenet Residencial de 150MB','2025-02-02 19:43:21','a'),(57,2,'Transacción Registrada','Se Creo la Transacción TSC000014, de $25','2025-02-02 23:19:46','a'),(58,1,'Inicio de Sesión','Inicio de Sesión Correcto','2025-02-03 00:05:00','a'),(59,1,'Inicio de Sesión','Inicio de Sesión Correcto','2025-02-03 10:17:10','a'),(60,2,'Inicio de Sesión','Inicio de Sesión Correcto','2025-02-03 16:36:09','a'),(61,2,'Transacción Registrada','Se Creo la Transacción TSC000015, de $10000','2025-02-03 16:36:38','a'),(62,1,'Transacción Aprobada','Se Aprobó la Transacción TSC000015 por un Monto de $10000.00','2025-02-03 18:28:18','a'),(63,2,'Transacción Registrada','Se Creo la Transacción TSC000016, de $11000','2025-02-03 18:30:20','a'),(64,1,'Transacción Aprobada','Se Aprobó la Transacción TSC000016 por un Monto de $11000.00','2025-02-03 18:30:27','a'),(65,1,'Inicio de Sesión','Inicio de Sesión Correcto','2025-02-03 18:38:53','a'),(66,1,'Pago a Colector Realizado','Pago de $15 Realizado a Del Sur por Luz Eléctrica','2025-02-03 18:42:07','a'),(67,1,'Colector Registrado','Se Registró al Colector Mi Colector xd','2025-02-03 18:53:47','a'),(68,1,'Servicio Registrado','Se Registró el Servicio qqwe del Colector Mi Colector xd','2025-02-03 18:53:47','a'),(69,2,'Inicio de Sesión','Inicio de Sesión Correcto','2025-02-03 18:54:16','a'),(70,1,'Colector Modificado','Se Modificó el Colector Mi Colector xd','2025-02-03 18:55:02','a'),(71,1,'Eliminación de Colector','Se Eliminó Tanto al Colector Mi Colector xd Como a sus Servicios','2025-02-03 18:55:06','a'),(72,1,'Eliminación de Colector','Se Eliminó Tanto al Colector Mi Colector Como a sus Servicios','2025-02-03 18:55:09','a'),(73,1,'Inicio de Sesión','Inicio de Sesión Correcto','2025-02-03 20:27:22','a'),(74,2,'Inicio de Sesión','Inicio de Sesión Correcto','2025-02-03 20:35:50','a'),(75,1,'Inicio de Sesión','Inicio de Sesión Correcto','2025-02-03 20:36:05','a'),(76,1,'Inicio de Sesión','Inicio de Sesión Correcto','2025-02-03 20:36:56','a'),(77,1,'Inicio de Sesión','Inicio de Sesión Correcto','2025-02-03 21:08:24','a'),(78,1,'Inicio de Sesión','Inicio de Sesión Correcto','2025-02-04 11:08:11','a'),(79,2,'Inicio de Sesión','Inicio de Sesión Correcto','2025-02-04 18:38:05','a'),(80,2,'Inicio de Sesión','Inicio de Sesión Correcto','2025-02-04 20:33:48','a'),(81,1,'Inicio de Sesión','Inicio de Sesión Correcto','2025-02-04 20:33:59','a'),(82,2,'Transacción Registrada','Se Creo la Transacción TSC000017, de $10000','2025-02-04 20:39:58','a'),(83,1,'Transacción Aprobada','Se Aprobó la Transacción TSC000017 por un Monto de $10000.00','2025-02-04 20:41:06','a'),(84,2,'Transacción Registrada','Se Creo la Transacción TSC000018, de $11000','2025-02-04 20:41:36','a'),(85,2,'Transacción Registrada','Se Creo la Transacción TSC000019, de $12000','2025-02-04 20:42:09','a'),(86,2,'Transacción Registrada','Se Creo la Transacción TSC000020, de $11000','2025-02-04 21:03:27','a'),(87,2,'Transacción Registrada','Se Creo la Transacción TSC000021, de $11200','2025-02-04 21:04:08','a'),(88,1,'Inicio de Sesión','Inicio de Sesión Correcto','2025-02-05 10:51:17','a'),(89,2,'Inicio de Sesión','Inicio de Sesión Correcto','2025-02-05 10:53:06','a'),(90,1,'Inicio de Sesión','Inicio de Sesión Correcto','2025-02-05 10:53:23','a'),(91,2,'Transacción Registrada','Se Creo la Transacción TSC000022, de $11200','2025-02-05 10:54:46','a'),(92,2,'Transacción Registrada','Se Creo la Transacción TSC000023, de $13000','2025-02-05 13:58:24','a'),(93,2,'Transacción Registrada','Se Creo la Transacción TSC000024, de $10000','2025-02-05 14:59:21','a'),(94,2,'Transacción Registrada','Se Creo la Transacción TSC000025, de $10000','2025-02-05 15:07:20','a'),(95,1,'Transacción Aprobada','Se Aprobó la Transacción TSC000018 por un Monto de $11000.00','2025-02-05 15:15:27','a'),(96,1,'Transacción Aprobada','Se Aprobó la Transacción TSC000019 por un Monto de $12000.00','2025-02-05 15:15:28','a'),(97,1,'Transacción Aprobada','Se Aprobó la Transacción TSC000020 por un Monto de $11000.00','2025-02-05 15:15:29','a'),(98,1,'Transacción Aprobada','Se Aprobó la Transacción TSC000021 por un Monto de $11200.00','2025-02-05 15:15:29','a'),(99,1,'Transacción Aprobada','Se Aprobó la Transacción TSC000022 por un Monto de $11200.00','2025-02-05 15:15:30','a'),(100,1,'Transacción Aprobada','Se Aprobó la Transacción TSC000023 por un Monto de $13000.00','2025-02-05 15:15:31','a'),(101,1,'Transacción Aprobada','Se Aprobó la Transacción TSC000024 por un Monto de $10000.00','2025-02-05 15:15:32','a'),(102,1,'Transacción Aprobada','Se Aprobó la Transacción TSC000025 por un Monto de $10000.00','2025-02-05 15:15:33','a'),(103,2,'Inicio de Sesión','Inicio de Sesión Correcto','2025-02-05 15:16:06','a'),(104,2,'Transacción Registrada','Se Creo la Transacción TSC000026, de $10000','2025-02-05 15:17:29','a'),(105,2,'Transacción Registrada','Se Creo la Transacción TSC000027, de $10000','2025-02-05 15:31:42','a'),(106,2,'Transacción Registrada','Se Creo la Transacción TSC000028, de $11000','2025-02-05 15:33:05','a'),(107,1,'Transacción Aprobada','Se Aprobó la Transacción TSC000026 por un Monto de $10000.00','2025-02-05 17:50:47','a'),(108,1,'Transacción Aprobada','Se Aprobó la Transacción TSC000027 por un Monto de $10000.00','2025-02-05 17:50:48','a'),(109,2,'Inicio de Sesión','Inicio de Sesión Correcto','2025-02-06 11:15:54','a'),(110,1,'Inicio de Sesión','Inicio de Sesión Correcto','2025-02-06 12:11:40','a'),(111,2,'Transacción Registrada','Se Creo la Transacción TSC000029, de $120','2025-02-06 13:24:34','a'),(112,2,'Transacción Registrada','Se Creo la Transacción TSC000055, de $50','2025-02-06 13:24:50','a'),(113,1,'Inicio de Sesión','Inicio de Sesión Correcto','2025-02-06 13:38:39','a'),(114,2,'Transacción Registrada','Se Creo la Transacción TSC000056, de $125','2025-02-06 14:48:00','a'),(115,2,'Transacción Registrada','Se Creo la Transacción TSC000057, de $15','2025-02-06 14:51:47','a'),(116,2,'Transacción Registrada','Se Creo la Transacción TSC000058, de $35','2025-02-06 15:30:34','a'),(117,2,'Transacción Registrada','Se Creo la Transacción TSC000059, de $15','2025-02-06 15:33:41','a'),(118,2,'Transacción Registrada','Se Creo la Transacción TSC000060, de $10','2025-02-06 15:45:13','a'),(119,2,'Transacción Registrada','Se Creo la Transacción TSC000061, de $12000','2025-02-06 16:19:18','a'),(120,1,'Transacción Aprobada','Se Aprobó la Transacción TSC000061 por un Monto de $12000.00','2025-02-06 16:32:21','a'),(121,2,'Transacción Registrada','Se Creo la Transacción TSC000062, de $13000','2025-02-06 16:33:11','a'),(122,1,'Transacción Aprobada','Se Aprobó la Transacción TSC000062 por un Monto de $13000.00','2025-02-06 16:33:19','a'),(123,2,'Inicio de Sesión','Inicio de Sesión Correcto','2025-02-06 17:28:32','a'),(124,2,'Cierre de Sesión','Cierre de Sesión Correcto','2025-02-06 17:29:27','a'),(125,2,'Inicio de Sesión','Inicio de Sesión Correcto','2025-02-06 17:29:45','a'),(126,1,'Cierre de Sesión','Cierre de Sesión Correcto','2025-02-06 17:29:58','a'),(127,1,'Inicio de Sesión','Inicio de Sesión Correcto','2025-02-06 17:30:04','a'),(128,2,'Transacción Registrada','Se Creo la Transacción TSC000063, de $10000','2025-02-06 18:48:10','a'),(129,2,'Transacción Registrada','Se Creo la Transacción TSC000064, de $10000','2025-02-06 18:53:13','a'),(130,2,'Transacción Registrada','Se Creo la Transacción TSC000065, de $12000','2025-02-06 18:54:40','a'),(131,2,'Transacción Registrada','Se Creo la Transacción TSC000066, de $11000','2025-02-06 18:58:20','a'),(132,2,'Transacción Registrada','Se Creo la Transacción TSC000067, de $13000','2025-02-06 18:59:25','a'),(133,2,'Transacción Registrada','Se Creo la Transacción TSC000068, de $15000','2025-02-06 19:04:03','a'),(134,2,'Transacción Registrada','Se Creo la Transacción TSC000069, de $12000','2025-02-06 19:12:52','a'),(135,1,'Transacción Aprobada','Se Aprobó la Transacción TSC000069 por un Monto de $12000.00','2025-02-06 19:13:00','a'),(136,2,'Transacción Registrada','Se Creo la Transacción TSC000070, de $11000','2025-02-06 19:13:57','a'),(137,2,'Transacción Registrada','Se Creo la Transacción TSC000071, de $10000','2025-02-06 19:16:18','a'),(138,2,'Transacción Registrada','Se Creo la Transacción TSC000072, de $10000','2025-02-06 19:17:42','a'),(139,1,'Transacción Aprobada','Se Aprobó la Transacción TSC000064 por un Monto de $10000.00','2025-02-06 19:19:03','a'),(140,1,'Transacción Aprobada','Se Aprobó la Transacción TSC000065 por un Monto de $12000.00','2025-02-06 19:19:05','a'),(141,2,'Transacción Registrada','Se Creo la Transacción TSC000073, de $12500','2025-02-06 19:28:43','a'),(142,2,'Transacción Registrada','Se Creo la Transacción TSC000074, de $11200','2025-02-06 19:30:02','a'),(143,2,'Transacción Registrada','Se Creo la Transacción TSC000075, de $10000','2025-02-06 19:32:55','a'),(144,2,'Transacción Registrada','Se Creo la Transacción TSC000076, de $11500','2025-02-06 19:34:37','a'),(145,2,'Transacción Registrada','Se Creo la Transacción TSC000077, de $13500','2025-02-06 19:36:28','a'),(146,2,'Transacción Registrada','Se Creo la Transacción TSC000078, de $12000','2025-02-06 19:37:21','a'),(147,2,'Transacción Registrada','Se Creo la Transacción TSC000079, de $11000','2025-02-06 19:38:51','a'),(148,2,'Transacción Registrada','Se Creo la Transacción TSC000080, de $10000','2025-02-06 19:39:38','a'),(149,2,'Transacción Registrada','Se Creo la Transacción TSC000081, de $10000','2025-02-06 19:41:10','a'),(150,2,'Transacción Registrada','Se Creo la Transacción TSC000082, de $20','2025-02-06 19:46:12','a'),(151,2,'Transacción Registrada','Se Creo la Transacción TSC000083, de $25','2025-02-06 19:46:48','a'),(152,2,'Transacción Registrada','Se Creo la Transacción TSC000084, de $124.5','2025-02-06 19:47:03','a'),(153,2,'Transacción Registrada','Se Creo la Transacción TSC000085, de $120','2025-02-06 19:47:43','a'),(154,2,'Transacción Registrada','Se Creo la Transacción TSC000086, de $12000','2025-02-06 19:48:16','a'),(155,2,'Transacción Registrada','Se Creo la Transacción TSC000087, de $12000','2025-02-06 20:04:41','a'),(156,2,'Transacción Registrada','Se Creo la Transacción TSC000088, de $12000','2025-02-06 20:07:45','a'),(157,2,'Transacción Registrada','Se Creo la Transacción TSC000089, de $12000','2025-02-06 20:13:25','a'),(158,2,'Transacción Registrada','Se Creo la Transacción TSC000090, de $11000','2025-02-06 20:14:12','a'),(159,2,'Transacción Registrada','Se Creo la Transacción TSC000091, de $12000','2025-02-06 20:20:18','a'),(160,2,'Transacción Registrada','Se Creo la Transacción TSC000092, de $10000','2025-02-06 20:20:46','a'),(161,1,'Transacción Aprobada','Se Aprobó la Transacción TSC000092 por un Monto de $10000.00','2025-02-06 20:20:49','a'),(162,2,'Transacción Registrada','Se Creo la Transacción TSC000093, de $12000','2025-02-06 21:05:06','a'),(163,2,'Transacción Registrada','Se Creo la Transacción TSC000094, de $14000','2025-02-06 21:07:36','a'),(164,2,'Transacción Registrada','Se Creo la Transacción TSC000095, de $12000','2025-02-06 21:14:40','a'),(165,2,'Transacción Registrada','Se Creo la Transacción TSC000096, de $15000','2025-02-06 21:15:14','a'),(166,1,'Transacción Aprobada','Se Aprobó la Transacción TSC000096 por un Monto de $15000.00','2025-02-06 21:15:19','a'),(167,2,'Transacción Registrada','Se Creo la Transacción TSC000097, de $10000','2025-02-06 21:15:54','a'),(168,1,'Transacción Aprobada','Se Aprobó la Transacción TSC000097 por un Monto de $10000.00','2025-02-06 21:16:03','a'),(169,2,'Transacción Registrada','Se Creo la Transacción TSC000098, de $13000','2025-02-06 21:16:42','a'),(170,1,'Usuario Eliminado','Se Eliminó el Usuario Juan Caballo','2025-02-06 22:07:52','a'),(171,2,'Inicio de Sesión','Inicio de Sesión Correcto','2025-02-07 11:19:22','a'),(172,1,'Inicio de Sesión','Inicio de Sesión Correcto','2025-02-07 11:19:39','a'),(173,2,'Transacción Registrada','Se Creo la Transacción TSC000099, de $10000','2025-02-07 11:20:27','a'),(174,2,'Transacción Registrada','Se Creo la Transacción TSC000100, de $12000','2025-02-07 11:21:13','a'),(175,2,'Transacción Registrada','Se Creo la Transacción TSC000101, de $11000','2025-02-07 11:21:34','a'),(176,2,'Transacción Registrada','Se Creo la Transacción TSC000102, de $13000','2025-02-07 11:21:58','a'),(177,2,'Transacción Registrada','Se Creo la Transacción TSC000103, de $12000','2025-02-07 11:46:11','a'),(178,2,'Transacción Registrada','Se Creo la Transacción TSC000104, de $11000','2025-02-07 11:46:42','a'),(179,2,'Transacción Registrada','Se Creo la Transacción TSC000105, de $10000','2025-02-07 11:47:45','a'),(180,2,'Transacción Registrada','Se Creo la Transacción TSC000106, de $11000','2025-02-07 11:48:49','a'),(181,2,'Transacción Registrada','Se Creo la Transacción TSC000107, de $11000','2025-02-07 11:53:37','a'),(182,2,'Transacción Registrada','Se Creo la Transacción TSC000108, de $11000','2025-02-07 11:54:24','a'),(183,2,'Cierre de Sesión','Cierre de Sesión Correcto','2025-02-07 12:33:49','a'),(184,1,'Inicio de Sesión','Inicio de Sesión Correcto','2025-02-07 12:33:56','a'),(185,1,'Cierre de Sesión','Cierre de Sesión Correcto','2025-02-07 16:12:47','a'),(186,2,'Inicio de Sesión','Inicio de Sesión Correcto','2025-02-07 16:12:51','a'),(187,2,'Transacción Registrada','Se Creo la Transacción TSC000109, de $12000','2025-02-07 16:13:21','a'),(188,2,'Transacción Registrada','Se Creo la Transacción TSC000110, de $11000','2025-02-07 16:16:29','a'),(189,2,'Transacción Registrada','Se Creo la Transacción TSC000111, de $13000','2025-02-07 16:20:36','a'),(190,2,'Transacción Registrada','Se Creo la Transacción TSC000112, de $12000','2025-02-07 16:22:01','a'),(191,2,'Transacción Registrada','Se Creo la Transacción TSC000113, de $12000','2025-02-07 16:23:31','a'),(192,2,'Transacción Registrada','Se Creo la Transacción TSC000114, de $14000','2025-02-07 16:23:57','a'),(193,2,'Transacción Registrada','Se Creo la Transacción TSC000115, de $16000','2025-02-07 16:24:35','a'),(194,2,'Transacción Registrada','Se Creo la Transacción TSC000116, de $12500','2025-02-07 16:25:41','a'),(195,2,'Transacción Registrada','Se Creo la Transacción TSC000117, de $15000','2025-02-07 16:29:25','a'),(196,2,'Transacción Registrada','Se Creo la Transacción TSC000118, de $11000','2025-02-07 16:34:45','a'),(197,2,'Transacción Registrada','Se Creo la Transacción TSC000119, de $12000','2025-02-07 16:36:14','a'),(198,1,'Transacción Rechazada','Se Rechazó la Transacción TSC000113 por un Monto de $12000.00','2025-02-07 16:37:14','a'),(199,1,'Transacción Rechazada','Se Rechazó la Transacción TSC000099 por un Monto de $10000.00','2025-02-07 16:39:06','a'),(200,1,'Transacción Rechazada','Se Rechazó la Transacción TSC000103 por un Monto de $12000.00','2025-02-07 16:39:13','a'),(201,2,'Transacción Registrada','Se Creo la Transacción TSC000120, de $15000','2025-02-07 16:41:17','a'),(202,2,'Transacción Registrada','Se Creo la Transacción TSC000121, de $12100','2025-02-07 16:45:24','a'),(203,2,'Transacción Registrada','Se Creo la Transacción TSC000122, de $13000','2025-02-07 16:46:06','a'),(204,2,'Transacción Registrada','Se Creo la Transacción TSC000123, de $14200','2025-02-07 16:47:35','a'),(205,2,'Transacción Registrada','Se Creo la Transacción TSC000124, de $13400','2025-02-07 16:49:16','a'),(206,2,'Transacción Registrada','Se Creo la Transacción TSC000125, de $12000','2025-02-07 16:50:45','a'),(207,2,'Transacción Registrada','Se Creo la Transacción TSC000126, de $12000','2025-02-07 16:51:35','a'),(208,2,'Transacción Registrada','Se Creo la Transacción TSC000127, de $20000','2025-02-07 16:55:05','a'),(209,2,'Transacción Registrada','Se Creo la Transacción TSC000128, de $12300','2025-02-07 16:57:41','a'),(210,2,'Transacción Registrada','Se Creo la Transacción TSC000129, de $12400','2025-02-07 16:59:54','a'),(211,2,'Transacción Registrada','Se Creo la Transacción TSC000130, de $79975','2025-02-07 17:06:06','a'),(212,1,'Transacción Rechazada','Se Rechazó la Transacción TSC000130 por un Monto de $79975.00','2025-02-07 17:06:44','a'),(213,2,'Transacción Registrada','Se Creo la Transacción TSC000131, de $12456','2025-02-07 17:10:08','a'),(214,1,'Transacción Rechazada','Se Rechazó la Transacción TSC000131 por un Monto de $12456.00','2025-02-07 17:10:55','a'),(215,2,'Transacción Registrada','Se Creo la Transacción TSC000132, de $12340','2025-02-07 17:11:14','a'),(216,1,'Transacción Aprobada','Se Aprobó la Transacción TSC000132 por un Monto de $12340.00','2025-02-07 17:11:17','a'),(217,2,'Transacción Registrada','Se Creo la Transacción TSC000133, de $80000','2025-02-07 17:36:58','a'),(218,2,'Transacción Registrada','Se Creo la Transacción TSC000134, de $10000','2025-02-07 18:18:55','a'),(219,2,'Transacción Registrada','Se Creo la Transacción TSC000135, de $10000','2025-02-07 18:20:16','a'),(220,2,'Transacción Registrada','Se Creo la Transacción TSC000136, de $120','2025-02-07 18:20:32','a'),(221,1,'Inicio de Sesión','Inicio de Sesión Correcto','2025-02-07 19:01:45','a'),(222,1,'Inicio de Sesión','Inicio de Sesión Correcto','2025-02-07 19:01:45','a'),(223,1,'Inicio de Sesión','Inicio de Sesión Correcto','2025-02-07 19:02:04','a'),(224,1,'Inicio de Sesión','Inicio de Sesión Correcto','2025-02-07 19:02:10','a'),(225,1,'Pago a Colector Realizado','Pago de $5.99 Realizado a TIGO por Intenet Residencial de 150MB','2025-02-07 19:22:51','a'),(226,1,'Pago a Colector Realizado','Pago de $5.99 Realizado a TIGO por Intenet Residencial de 150MB','2025-02-07 19:23:54','a'),(227,1,'Pago a Colector Realizado','Pago de $5.99 Realizado a TIGO por Intenet Residencial de 150MB','2025-02-07 19:24:54','a'),(228,1,'Cierre de Sesión','Cierre de Sesión Correcto','2025-02-07 20:26:13','a'),(229,1,'Inicio de Sesión','Inicio de Sesión Correcto','2025-02-08 10:09:24','a'),(230,2,'Transacción Registrada','Se Creo la Transacción TSC000137, de $120','2025-02-08 12:11:16','a'),(231,2,'Transacción Registrada','Se Creo la Transacción TSC000138, de $12','2025-02-08 12:11:24','a'),(232,2,'Transacción Registrada','Se Creo la Transacción TSC000139, de $25','2025-02-08 12:11:33','a'),(233,2,'Transacción Registrada','Se Creo la Transacción TSC000140, de $75','2025-02-08 12:11:41','a'),(234,1,'Pago a Colector Realizado','Pago de $27.99 Realizado a TIGO por Intenet Residencial de 150MB','2025-02-08 12:25:24','a'),(235,1,'Pago a Colector Realizado','Pago de $5.99 Realizado a TIGO por Intenet Residencial de 150MB','2025-02-08 12:28:21','a'),(236,1,'Pago a Colector Realizado','Pago de $24.99 Realizado a Movistar por Intenet Residencial de 100MB','2025-02-08 16:04:45','a'),(237,1,'Pago a Colector Realizado','Pago de $32.99 Realizado a TIGO por Intenet Residencial de 150MB','2025-02-08 16:06:29','a'),(238,1,'Pago a Colector Realizado','Pago de $24.99 Realizado a Movistar por Intenet Residencial de 100MB','2025-02-08 16:08:10','a'),(239,1,'Pago a Colector Realizado','Pago de $27.99 Realizado a TIGO por Intenet Residencial de 150MB','2025-02-08 16:15:47','a'),(240,1,'Pago a Colector Realizado','Pago de $33.45 Realizado a JAPI por Intenet Residencial de 50MB','2025-02-08 16:16:17','a'),(241,1,'Pago a Colector Realizado','Pago de $24.99 Realizado a Movistar por Intenet Residencial de 100MB','2025-02-08 16:16:31','a'),(242,1,'Pago a Colector Realizado','Pago de $20.00 Realizado a UES por Mensualidad UES','2025-02-08 16:24:52','a'),(243,2,'Transacción Registrada','Se Creo la Transacción TSC000141, de $250','2025-02-08 16:29:28','a'),(244,2,'Transacción Registrada','Se Creo la Transacción TSC000142, de $45','2025-02-08 17:13:57','a'),(245,1,'Pago a Colector Realizado','Pago de $23.99 Realizado a CLARO por Telefonía Fija','2025-02-08 17:33:49','a'),(246,1,'Pago a Colector Realizado','Pago de $12 Realizado a CLESA por CLESA','2025-02-08 17:34:45','a'),(247,1,'Pago a Colector Realizado','Pago de $20.00 Realizado a UES por Mensualidad UES','2025-02-08 17:35:35','a'),(248,1,'Pago a Colector Realizado','Pago de $27.99 Realizado a TIGO por Intenet Residencial de 150MB','2025-02-08 17:36:32','a'),(249,1,'Pago a Colector Realizado','Pago de $10 Realizado a Del Sur por Luz Eléctrica','2025-02-08 17:46:31','a'),(250,1,'Pago a Colector Realizado','Pago de $24.99 Realizado a Movistar por Intenet Residencial de 100MB','2025-02-08 17:52:09','a'),(251,2,'Inicio de Sesión','Inicio de Sesión Correcto','2025-02-08 18:01:19','a'),(252,2,'Transacción Registrada','Se Creo la Transacción TSC000143, de $12000','2025-02-08 18:04:48','a'),(253,1,'Cierre de Sesión','Cierre de Sesión Correcto','2025-02-08 18:09:51','a'),(254,2,'Cierre de Sesión','Cierre de Sesión Correcto','2025-02-08 18:09:57','a'),(255,1,'Inicio de Sesión','Inicio de Sesión Correcto','2025-02-08 18:11:37','a'),(256,1,'Inicio de Sesión','Inicio de Sesión Correcto','2025-02-08 18:11:55','a'),(257,1,'Inicio de Sesión','Inicio de Sesión Correcto','2025-02-08 18:12:25','a'),(258,2,'Inicio de Sesión','Inicio de Sesión Correcto','2025-02-08 18:14:20','a'),(259,2,'Cierre de Sesión','Cierre de Sesión Correcto','2025-02-08 18:15:13','a'),(260,2,'Inicio de Sesión','Inicio de Sesión Correcto','2025-02-08 18:15:17','a'),(261,1,'Inicio de Sesión','Inicio de Sesión Correcto','2025-02-08 18:18:49','a'),(262,1,'Inicio de Sesión','Inicio de Sesión Correcto','2025-02-08 18:20:09','a'),(263,1,'Inicio de Sesión','Inicio de Sesión Correcto','2025-02-08 18:21:39','a'),(264,1,'Cierre de Sesión','Cierre de Sesión Correcto','2025-02-08 18:28:58','a'),(265,1,'Inicio de Sesión','Inicio de Sesión Correcto','2025-02-08 18:29:03','a'),(266,1,'Inicio de Sesión','Inicio de Sesión Correcto','2025-02-08 18:31:41','a'),(267,2,'Inicio de Sesión','Inicio de Sesión Correcto','2025-02-08 18:35:00','a'),(268,2,'Inicio de Sesión','Inicio de Sesión Correcto','2025-02-08 18:42:40','a'),(269,2,'Inicio de Sesión','Inicio de Sesión Correcto','2025-02-08 18:45:16','a'),(270,2,'Transacción Registrada','Se Creo la Transacción TSC000144, de $125','2025-02-08 19:02:41','a'),(271,2,'Cierre de Sesión','Cierre de Sesión Correcto','2025-02-08 19:10:37','a'),(272,2,'Inicio de Sesión','Inicio de Sesión Correcto','2025-02-08 19:10:41','a'),(273,2,'Cierre de Sesión','Cierre de Sesión Correcto','2025-02-08 19:17:41','a'),(274,2,'Inicio de Sesión','Inicio de Sesión Correcto','2025-02-08 19:17:45','a'),(275,2,'Inicio de Sesión','Inicio de Sesión Correcto','2025-02-08 19:19:02','a'),(276,1,'Inicio de Sesión','Inicio de Sesión Correcto','2025-02-08 19:31:09','a'),(277,1,'Pago a Colector Realizado','Pago de $20.00 Realizado a UES por Mensualidad UES','2025-02-08 19:38:45','a'),(278,1,'Pago a Colector Realizado','Pago de $24.99 Realizado a Movistar por Intenet Residencial de 100MB','2025-02-08 19:40:05','a'),(279,1,'Pago a Colector Realizado','Pago de $27.99 Realizado a TIGO por Intenet Residencial de 150MB','2025-02-08 19:40:45','a'),(280,1,'Pago a Colector Realizado','Pago de $10 Realizado a Del Sur por Luz Eléctrica','2025-02-08 19:41:05','a'),(281,2,'Transacción Registrada','Se Creo la Transacción TSC000145, de $200','2025-02-08 19:43:36','a'),(282,2,'Transacción Registrada','Se Creo la Transacción TSC000146, de $12000','2025-02-08 19:43:50','a'),(283,1,'Servicio Registrado','Se Registró el Servicio Internet Residencial de 15 MB Para el Colector CLARO Desde la Vista Servicios','2025-02-08 20:00:08','a'),(284,1,'Servicio Registrado','Se Registró el Servicio Internet Residencial de 10MB Para el Colector TIGO Desde la Vista Servicios','2025-02-08 20:01:39','a'),(285,1,'Servicio Registrado','Se Registró el Servicio Internet Residencial de 15MB Para el Colector TIGO Desde la Vista Servicios','2025-02-08 20:03:02','a'),(286,1,'Servicio Registrado','Se Registró el Servicio Servicio #1 Para el Colector UPED Desde la Vista Servicios','2025-02-08 20:04:16','a'),(287,2,'Transacción Registrada','Se Creo la Transacción TSC00000147, de $220','2025-02-08 20:06:34','a'),(288,2,'Transacción Registrada','Se Creo la Transacción TSC00000148, de $10000','2025-02-08 20:06:48','a'),(289,1,'Transacción Aprobada','Se Aprobó la Transacción TSC00000148 por un Monto de $10000.00','2025-02-08 20:07:05','a'),(290,1,'Inicio de Sesión','Inicio de Sesión Correcto','2025-02-08 21:23:03','a'),(291,1,'Cierre de Sesión','Cierre de Sesión Correcto','2025-02-08 21:24:46','a'),(292,1,'Inicio de Sesión','Inicio de Sesión Correcto','2025-02-08 21:27:05','a'),(293,1,'Cierre de Sesión','Cierre de Sesión Correcto','2025-02-08 21:27:09','a'),(294,1,'Inicio de Sesión','Inicio de Sesión Correcto','2025-02-08 21:27:33','a'),(295,1,'Inicio de Sesión','Inicio de Sesión Correcto','2025-02-09 10:07:53','a'),(296,1,'Inicio de Sesión','Inicio de Sesión Correcto','2025-02-09 10:24:11','a'),(297,1,'Asignación de Nuevo Rol','Se Asignó el Rol Cajero al Usuario David Cruz','2025-02-09 12:40:04','a'),(298,1,'Asignación de Nuevo Rol','Se Asignó el Rol Supervisor al Usuario David Cruz','2025-02-09 12:40:42','a'),(299,1,'Asignación de Nuevo Rol','Se Asignó el Rol Cajero al Usuario David Cruz','2025-02-09 12:41:47','a'),(300,1,'Asignación de Nuevo Rol','Se Asignó el Rol Supervisor al Usuario David Cruz','2025-02-09 12:41:55','a'),(301,1,'Asignación de Nuevo Rol','Se Asignó el Rol Cajero al Usuario David Cruz','2025-02-09 12:42:24','a'),(302,1,'Asignación de Nuevo Rol','Se Asignó el Rol Supervisor al Usuario David Cruz','2025-02-09 12:42:38','a'),(303,1,'Asignación de Nuevo Rol','Se Asignó el Rol Cajero al Usuario David Cruz','2025-02-09 12:43:26','a'),(304,1,'Asignación de Nuevo Rol','Se Asignó el Rol Supervisor al Usuario David Cruz','2025-02-09 12:43:30','a'),(305,1,'Asignación de Nuevo Rol','Se Asignó el Rol Supervisor al Usuario Juan Caballo','2025-02-09 12:46:34','a'),(306,1,'Asignación de Nuevo Rol','Se Asignó el Rol Cajero al Usuario Juan Caballo','2025-02-09 12:46:38','a'),(307,2,'Transacción Registrada','Se Creo la Transacción TSC00000149, de $15000','2025-02-09 12:52:52','a'),(308,1,'Transacción Aprobada','Se Aprobó la Transacción TSC00000150 por un Monto de $11000.00','2025-02-09 12:56:03','a'),(309,2,'Inicio de Sesión','Inicio de Sesión Correcto','2025-02-09 12:59:29','a'),(310,2,'Pago a Colector Realizado','Pago de $20.00 Realizado a UES por Mensualidad UES','2025-02-09 13:04:46','a'),(311,1,'Tipo de Transacción Actualizado','Se Actualizó el Nombre del Tipo de Transacción con Código 3','2025-02-09 13:17:59','a'),(312,1,'Tipo de Transacción Actualizado','Se Actualizó el Nombre del Tipo de Transacción con Código 3','2025-02-09 13:18:10','a'),(313,1,'Nuevo Tipo de Transacción Registrado','Ejemplo Registrado','2025-02-09 13:18:19','a'),(314,1,'Tipo de Transacción Eliminado','Se Eliminó el Tipo de Transacción Ejemplo','2025-02-09 13:18:22','a'),(315,1,'Transacción Registrada','Se Creo la Transacción TSC00000156, de $12000','2025-02-09 13:19:59','a'),(316,1,'Transacción Registrada','Se Creo la Transacción TSC00000157, de $250','2025-02-09 13:20:18','a'),(317,1,'Transacción Rechazada','Se Rechazó la Transacción TSC00000155 por un Monto de $12000.00','2025-02-09 13:20:32','a'),(318,1,'Transacción Aprobada','Se Aprobó la Transacción TSC00000156 por un Monto de $12000.00','2025-02-09 13:20:37','a'),(319,1,'Usuario Actualizado','Se Actualizaron los Datos del Usuario Juan Caballo','2025-02-09 13:22:22','a'),(320,1,'Usuario Eliminado','Se Eliminó el Usuario Juan Caballo','2025-02-09 13:23:14','a'),(321,1,'Asignación de Nuevo Rol','Se Asignó el Rol Cajero al Usuario Juan Caballo','2025-02-09 13:24:14','a'),(322,2,'Transacción Registrada','Se Creo la Transacción TSC00000158, de $12000','2025-02-09 13:25:30','a'),(323,1,'Colector Modificado','Se Modificó el Colector Mi Colector Waos','2025-02-09 13:28:52','a'),(324,1,'Servicio Actualizado','Se Actualizó el Servicio Mi Servicio Waossa del Colector Mi Colector Waos','2025-02-09 13:30:43','a'),(325,1,'Servicio Eliminado','Se Eliminó el Servicio Servicio #1 del Colector UPED','2025-02-09 13:32:14','a'),(326,1,'Servicio Actualizado','Se Actualizó el Servicio Luz Eléctrica del Colector CLESA','2025-02-09 13:32:35','a'),(327,1,'Pago a Colector Realizado','Pago de $24.99 Realizado a Movistar por Intenet Residencial de 100MB','2025-02-09 13:32:59','a'),(328,1,'Eliminación de Colector','Se Eliminó Tanto al Colector Mi Colector Waos Como a sus Servicios','2025-02-09 13:33:09','a'),(329,1,'Cliente Eliminado','Se Eliminó al Cliente con Número de Identidad 00000029-9','2025-02-09 13:34:54','a'),(330,2,'Transacción Registrada','Se Creo la Transacción TSC00000159, de $125','2025-02-09 13:36:26','a'),(331,1,'Asignación de Nuevo Rol','Se Asignó el Rol Supervisor al Usuario Juan Caballo','2025-02-09 13:40:01','a'),(332,1,'Asignación de Nuevo Rol','Se Asignó el Rol Cajero al Usuario Juan Caballo','2025-02-09 13:40:04','a'),(333,1,'Transacción Registrada','Se Creo la Transacción TSC00000160, de $11200','2025-02-09 13:42:48','a'),(334,1,'Transacción Aprobada','Se Aprobó la Transacción TSC00000160 por un Monto de $11200.00','2025-02-09 13:42:55','a'),(335,2,'Transacción Registrada','Se Creo la Transacción TSC00000161, de $125','2025-02-09 13:43:12','a'),(336,2,'Transacción Registrada','Se Creo la Transacción TSC00000162, de $12','2025-02-09 13:43:23','a'),(337,2,'Transacción Registrada','Se Creo la Transacción TSC00000163, de $12','2025-02-09 13:44:07','a'),(338,2,'Transacción Registrada','Se Creo la Transacción TSC00000164, de $12000','2025-02-09 13:45:26','a'),(339,1,'Transacción Registrada','Se Creo la Transacción TSC00000165, de $12000','2025-02-09 13:47:08','a'),(340,2,'Transacción Registrada','Se Creo la Transacción TSC00000166, de $11000','2025-02-09 13:47:28','a'),(341,1,'Transacción Rechazada','Se Rechazó la Transacción TSC00000165 por un Monto de $12000.00','2025-02-09 13:52:00','a'),(342,1,'Transacción Registrada','Se Creo la Transacción TSC00000167, de $50','2025-02-09 14:02:37','a'),(343,2,'Transacción Registrada','Se Creo la Transacción TSC00000168, de $12000','2025-02-09 14:04:16','a'),(344,2,'Transacción Registrada','Se Creo la Transacción TSC00000169, de $12400','2025-02-09 14:04:38','a'),(345,1,'Transacción Aprobada','Se Aprobó la Transacción TSC00000169 por un Monto de $12400.00','2025-02-09 14:04:48','a'),(346,1,'Transacción Registrada','Se Creo la Transacción TSC00000170, de $12','2025-02-09 14:31:37','a'),(347,2,'Inicio de Sesión','Inicio de Sesión Correcto','2025-02-09 21:07:20','a'),(348,2,'Inicio de Sesión','Inicio de Sesión Correcto','2025-02-09 21:07:26','a'),(349,1,'Inicio de Sesión','Inicio de Sesión Correcto','2025-02-09 21:13:37','a'),(350,1,'Inicio de Sesión','Inicio de Sesión Correcto','2025-02-09 21:58:35','::1'),(351,2,'Inicio de Sesión','Inicio de Sesión Correcto','2025-02-09 22:10:17','::ffff:192.168.0.13'),(352,2,'Inicio de Sesión','Inicio de Sesión Correcto','2025-02-09 22:27:38','Browser: Chrome 132.0.0, OS: Windows 10.0.0 - ::1'),(353,1,'Inicio de Sesión','Inicio de Sesión Correcto','2025-02-09 22:29:13','Accedido Desde: Chrome 133.0.0, OS: Windows 10.0.0, IP ::1'),(354,1,'Inicio de Sesión','Inicio de Sesión Correcto','2025-02-09 22:29:50','Acceso Desde: Chrome 133.0.0; OS: Windows 10.0.0; IP ::1'),(355,1,'Inicio de Sesión','Inicio de Sesión Correcto','2025-02-09 22:30:33','Acceso Desde: Chrome 133.0.0\n OS: Windows 10.0.0\n IP ::1'),(356,2,'Inicio de Sesión','Inicio de Sesión Correcto','2025-02-09 22:33:26','Acceso Desde: Chrome 132.0.0; OS: Windows 10.0.0; Other 0.0.0; IP ::1'),(357,1,'Inicio de Sesión','Inicio de Sesión Correcto','2025-02-09 22:36:24','Acceso Desde: Chrome 133.0.0; OS: Windows 10.0.0; 0; IP ::1'),(358,2,'Inicio de Sesión','Inicio de Sesión Correcto','2025-02-09 22:36:38','Acceso Desde: Chrome 132.0.0; OS: Windows 10.0.0; 0; IP ::1'),(359,1,'Cierre de Sesión','Cierre de Sesión Correcto','2025-02-09 22:48:19','Acceso Desde: Chrome 133.0.0; OS: Windows 10.0.0; IP ::ffff:192.168.0.13'),(360,1,'Inicio de Sesión','Inicio de Sesión Correcto','2025-02-09 22:48:29','Acceso Desde: Chrome 133.0.0; OS: Windows 10.0.0; IP ::ffff:192.168.0.13'),(361,1,'Cliente Eliminado','Se Eliminó al Cliente con Número de Identidad 00000029-9','2025-02-09 23:50:42','Acceso Desde: Chrome 133.0.0; OS: Windows 10.0.0; IP ::1'),(362,1,'Cliente Actualizado','Se Actualizaron los Datos del Cliente con Número de Identidad ********-*','2025-02-09 23:52:32','Acceso Desde: Chrome 133.0.0; OS: Windows 10.0.0; IP ::1'),(363,1,'Usuario Actualizado','Se Actualizaron los Datos del Usuario Juan Caballox','2025-02-09 23:53:24','Acceso Desde: Chrome 133.0.0; OS: Windows 10.0.0; IP ::1'),(364,1,'Usuario Actualizado','Se Actualizaron los Datos del Usuario Juan Caballo','2025-02-09 23:53:32','Acceso Desde: Chrome 133.0.0; OS: Windows 10.0.0; IP ::1'),(365,1,'Asignación de Nuevo Rol','Se Asignó el Rol Supervisor al Usuario Juan Caballo','2025-02-09 23:53:37','Acceso Desde: Chrome 133.0.0; OS: Windows 10.0.0; IP ::1'),(366,1,'Asignación de Nuevo Rol','Se Asignó el Rol Cajero al Usuario Juan Caballo','2025-02-09 23:53:51','Acceso Desde: Chrome 133.0.0; OS: Windows 10.0.0; IP ::1'),(367,1,'Transacción Registrada','Se Creo la Transacción TSC00000171, de $125','2025-02-10 00:04:57','Acceso Desde: Chrome 133.0.0; OS: Windows 10.0.0; IP ::1'),(368,1,'Transacción Registrada','Se Creo la Transacción TSC00000172, de $11000','2025-02-10 00:05:27','Acceso Desde: Chrome 133.0.0; OS: Windows 10.0.0; IP ::1'),(369,1,'Transacción Aprobada','Se Aprobó la Transacción TSC00000172 por un Monto de $11000.00','2025-02-10 00:05:31','Acceso Desde: Chrome 133.0.0; OS: Windows 10.0.0; IP ::1'),(370,1,'Transacción Registrada','Se Creo la Transacción TSC00000173, de $12.5','2025-02-10 00:06:07','Acceso Desde: Chrome 133.0.0; OS: Windows 10.0.0; IP ::1'),(371,1,'Pago a Colector Realizado','Pago de $24.99 Realizado a Movistar por Intenet Residencial de 100MB','2025-02-10 00:06:29','Acceso Desde: Chrome 133.0.0; OS: Windows 10.0.0; IP ::1'),(372,1,'Transacción Registrada','Se Creo la Transacción TSC00000174, de $15','2025-02-10 00:06:45','Acceso Desde: Chrome 133.0.0; OS: Windows 10.0.0; IP ::1'),(373,1,'Colector Registrado','Se Registró al Colector Mi Colector','2025-02-10 00:07:26','Acceso Desde: Chrome 133.0.0; OS: Windows 10.0.0; IP ::1'),(374,1,'Servicio Registrado','Se Registró el Servicio Mi Servicio del Colector Mi Colector','2025-02-10 00:07:26','Acceso Desde: Chrome 133.0.0; OS: Windows 10.0.0; IP ::1'),(375,1,'Colector Modificado','Se Modificó el Colector Mi Colector 1','2025-02-10 00:08:05','Acceso Desde: Chrome 133.0.0; OS: Windows 10.0.0; IP ::1'),(376,1,'Colector Modificado','Se Modificó el Colector Mi Colector 1','2025-02-10 00:08:10','Acceso Desde: Chrome 133.0.0; OS: Windows 10.0.0; IP ::1'),(377,1,'Servicio Actualizado','Se Actualizó el Servicio Mi Servicio 1 del Colector Mi Colector 1','2025-02-10 00:08:24','Acceso Desde: Chrome 133.0.0; OS: Windows 10.0.0; IP ::1'),(378,1,'Servicio Actualizado','Se Actualizó el Servicio Mi Servicio 1 del Colector Mi Colector 1','2025-02-10 00:08:27','Acceso Desde: Chrome 133.0.0; OS: Windows 10.0.0; IP ::1'),(379,1,'Servicio Registrado','Se Registró el Servicio Mi Servicio 2 Para el Colector Mi Colector 1 Desde la Vista Servicios','2025-02-10 00:09:09','Acceso Desde: Chrome 133.0.0; OS: Windows 10.0.0; IP ::1'),(380,1,'Servicio Registrado','Se Registró el Servicio Mi Servicio 3 Para el Colector Mi Colector 1 Desde la Vista Servicios','2025-02-10 00:10:37','Acceso Desde: Chrome 133.0.0; OS: Windows 10.0.0; IP ::1'),(381,1,'Servicio Eliminado','Se Eliminó el Servicio Mi Servicio 3 del Colector Mi Colector 1','2025-02-10 00:11:00','Acceso Desde: Chrome 133.0.0; OS: Windows 10.0.0; IP ::1'),(382,1,'Servicio Actualizado','Se Actualizó el Servicio Mi Servicio 2 del Colector Mi Colector 1','2025-02-10 00:11:13','Acceso Desde: Chrome 133.0.0; OS: Windows 10.0.0; IP ::1'),(383,1,'Eliminación de Colector','Se Eliminó Tanto al Colector Mi Colector 1 Como a sus Servicios','2025-02-10 00:13:07','Acceso Desde: Chrome 133.0.0; OS: Windows 10.0.0; IP ::1'),(384,1,'Tipo de Transacción Actualizado','Se Actualizó el Nombre del Tipo de Transacción con Código 3','2025-02-10 00:14:22','Acceso Desde: Chrome 133.0.0; OS: Windows 10.0.0; IP ::1'),(385,1,'Transacción Registrada','Se Creo la Transacción TSC00000175, de $12000','2025-02-10 00:23:10','Acceso Desde: Chrome 133.0.0; OS: Windows 10.0.0; IP ::1'),(386,1,'Transacción Rechazada','Se Rechazó la Transacción TSC00000175 por un Monto de $12000.00','2025-02-10 00:23:15','Acceso Desde: Chrome 133.0.0; OS: Windows 10.0.0; IP ::1'),(387,1,'Transacción Registrada','Se Creo la Transacción TSC00000176, de $12500','2025-02-10 00:23:48','Acceso Desde: Chrome 133.0.0; OS: Windows 10.0.0; IP ::1'),(388,1,'Pago a Colector Realizado','Pago de $32.99 Realizado a TIGO por Intenet Residencial de 150MB','2025-02-10 00:47:50','Chrome 133.0.0; Windows 10.0.0; ::1'),(389,1,'Inicio de Sesión','Inicio de Sesión Correcto','2025-02-10 00:50:58','Desde: Chrome 133.0.0; OS: Windows 10.0.0; IP: ::1'),(390,1,'Inicio de Sesión','Inicio de Sesión Correcto','2025-02-10 00:51:45','Desde: Chrome 133.0.0; OS: Windows 10.0.0; IP: ::1'),(391,1,'Colector Modificado','Se Modificó el Colector CLARO 1','2025-02-10 00:52:40','Desde: Chrome 133.0.0; OS: Windows 10.0.0; IP: ::1'),(392,1,'Colector Modificado','Se Modificó el Colector CLARO','2025-02-10 00:52:45','Desde: Chrome 133.0.0; OS: Windows 10.0.0; IP: ::1'),(393,1,'Servicio Actualizado','Se Actualizó el Servicio Internet Residencial de 50MB del Colector JAPI','2025-02-10 00:53:44','Desde: Chrome 133.0.0; OS: Windows 10.0.0; IP: ::1'),(394,1,'Tipo de Transacción Actualizado','Se Actualizó el Nombre del Tipo de Transacción con Código 3','2025-02-10 00:54:44','Desde: Chrome 133.0.0; OS: Windows 10.0.0; IP: ::1'),(395,1,'Tipo de Transacción Actualizado','Se Actualizó el Nombre del Tipo de Transacción Deposito','2025-02-10 00:58:54','Desde: Chrome 133.0.0; OS: Windows 10.0.0; IP: ::1'),(396,1,'Servicio Registrado','Se Registró el Servicio Internet Residencial de 120 MB Para el Colector TIGO Desde la Vista Servicios','2025-02-10 01:19:03','Desde: Chrome 133.0.0; OS: Windows 10.0.0; IP: ::1'),(397,1,'Servicio Eliminado','Se Eliminó el Servicio Internet Residencial de 120 MB del Colector TIGO','2025-02-10 01:19:50','Desde: Chrome 133.0.0; OS: Windows 10.0.0; IP: ::1'),(398,1,'Servicio Registrado','Se Registró el Servicio Internet Residencial de 10MB Para el Colector TIGO Desde la Vista Servicios','2025-02-10 01:21:56','Desde: Chrome 133.0.0; OS: Windows 10.0.0; IP: ::1'),(399,1,'Pago a Colector Realizado','Pago de $0.00 Realizado a TIGO por Internet Residencial de 120 MB','2025-02-10 01:26:35','Desde: Chrome 133.0.0; OS: Windows 10.0.0; IP: ::1'),(400,1,'Pago a Colector Realizado','Pago de $0.00 Realizado a TIGO por Internet Residencial de 120 MB','2025-02-10 01:27:42','Desde: Chrome 133.0.0; OS: Windows 10.0.0; IP: ::1'),(401,1,'Pago a Colector Realizado','Pago de $0.00 Realizado a CLARO por Telefonía Fija','2025-02-10 01:28:42','Desde: Chrome 133.0.0; OS: Windows 10.0.0; IP: ::1'),(402,1,'Pago a Colector Realizado','Pago de $0.00 Realizado a CLARO por Telefonía Fija','2025-02-10 01:29:09','Desde: Chrome 133.0.0; OS: Windows 10.0.0; IP: ::1'),(403,1,'Inicio de Sesión','Inicio de Sesión Correcto','2025-02-10 02:07:41','Desde: Safari 14.0.1; OS: Mac OS X 10.15.6; IP: ::1'),(404,1,'Servicio Registrado','Se Registró el Servicio Internet Residencial de 10MB Para el Colector Movistar Desde la Vista Servicios','2025-02-10 02:08:39','Desde: Safari 14.0.1; OS: Mac OS X 10.15.6; IP: ::1'),(405,1,'Pago a Colector Realizado','Pago de $0.00 Realizado a Movistar por Intenet Residencial de 100MB','2025-02-10 02:13:36','Desde: Safari 14.0.1; OS: Mac OS X 10.15.6; IP: ::1'),(406,1,'Servicio Actualizado','Se Actualizó el Servicio Internet Residencial de 150MB del Colector TIGO','2025-02-10 02:26:27','Desde: Chrome 133.0.0; OS: Windows 10.0.0; IP: ::1'),(407,1,'Servicio Registrado','Se Registró el Servicio Intenet Residencial de 150MB Para el Colector TIGO Desde la Vista Servicios','2025-02-10 02:26:33','Desde: Chrome 133.0.0; OS: Windows 10.0.0; IP: ::1'),(408,1,'Servicio Eliminado','Se Eliminó el Servicio Intenet Residencial de 150MB del Colector TIGO','2025-02-10 02:26:37','Desde: Chrome 133.0.0; OS: Windows 10.0.0; IP: ::1'),(409,1,'Servicio Actualizado','Se Actualizó el Servicio Luz Eléctrica del Colector Del Sur','2025-02-10 02:29:31','Desde: Chrome 133.0.0; OS: Windows 10.0.0; IP: ::1'),(410,1,'Servicio Actualizado','Se Actualizó el Servicio Luz Eléctrica del Colector Del Sur','2025-02-10 02:29:38','Desde: Chrome 133.0.0; OS: Windows 10.0.0; IP: ::1'),(411,1,'Servicio Actualizado','Se Actualizó el Servicio Intenet Residencial de 100MB del Colector Movistar','2025-02-10 02:30:02','Desde: Chrome 133.0.0; OS: Windows 10.0.0; IP: ::1'),(412,1,'Inicio de Sesión','Inicio de Sesión Correcto','2025-02-10 03:15:27','Desde: Chrome 125.0.6422; OS: Android 0.0.0; IP: ::1'),(413,1,'Inicio de Sesión','Inicio de Sesión Correcto','2025-02-10 05:08:15','Desde: Chrome 133.0.0; OS: Windows 10.0.0; IP: ::1'),(414,1,'Inicio de Sesión','Inicio de Sesión Correcto','2025-02-10 05:09:42','Desde: Chrome 133.0.0; OS: Windows 10.0.0; IP: ::1'),(415,2,'Cierre de Sesión','Cierre de Sesión Correcto','2025-02-10 05:12:44','Desde: Chrome 132.0.0; OS: Windows 10.0.0; IP: ::1'),(416,2,'Inicio de Sesión','Inicio de Sesión Correcto','2025-02-10 05:12:47','Desde: Chrome 132.0.0; OS: Windows 10.0.0; IP: ::1'),(417,1,'Pago a Colector Realizado','Pago de $24.99 Realizado a Movistar por Intenet Residencial de 100MB','2025-02-10 06:55:43','Desde: Chrome 133.0.0; OS: Windows 10.0.0; IP: ::1'),(418,1,'Transacción Registrada','Se Creó la Transacción TSC00000177, de $6720.5','2025-02-10 06:56:19','Desde: Chrome 133.0.0; OS: Windows 10.0.0; IP: ::1'),(419,1,'Transacción Registrada','Se Creó la Transacción TSC00000178, de $10000','2025-02-10 07:05:24','Desde: Chrome 133.0.0; OS: Windows 10.0.0; IP: ::1'),(420,1,'Transacción Aprobada','Se Aprobó la Transacción TSC00000178 por un Monto de $10000.00','2025-02-10 07:05:30','Desde: Chrome 133.0.0; OS: Windows 10.0.0; IP: ::1'),(421,2,'Inicio de Sesión','Inicio de Sesión Correcto','2025-02-10 07:13:33','Desde: Chrome 132.0.0; OS: Windows 10.0.0; IP: ::1'),(422,2,'Transacción Registrada','Se Creó la Transacción TSC00000179, de $10000','2025-02-10 07:14:13','Desde: Chrome 132.0.0; OS: Windows 10.0.0; IP: ::1'),(423,2,'Transacción Registrada','Se Creó la Transacción TSC00000180, de $1000','2025-02-10 07:14:53','Desde: Chrome 132.0.0; OS: Windows 10.0.0; IP: ::1'),(424,1,'Transacción Registrada','Se Creó la Transacción TSC00000181, de $5','2025-02-10 07:25:27','Desde: Chrome 133.0.0; OS: Windows 10.0.0; IP: ::1'),(425,2,'Transacción Registrada','Se Creó la Transacción TSC00000182, de $150','2025-02-10 07:27:59','Desde: Chrome 132.0.0; OS: Windows 10.0.0; IP: ::1'),(426,2,'Transacción Registrada','Se Creó la Transacción TSC00000183, de $250','2025-02-10 07:28:24','Desde: Chrome 132.0.0; OS: Windows 10.0.0; IP: ::1'),(427,2,'Transacción Registrada','Se Creó la Transacción TSC00000184, de $11000','2025-02-10 07:30:57','Desde: Chrome 132.0.0; OS: Windows 10.0.0; IP: ::1'),(428,2,'Transacción Registrada','Se Creó la Transacción TSC00000185, de $10000','2025-02-10 10:44:22','Desde: Chrome 132.0.0; OS: Windows 10.0.0; IP: ::1'),(429,2,'Transacción Registrada','Se Creó la Transacción TSC00000186, de $11000','2025-02-10 10:46:36','Desde: Chrome 132.0.0; OS: Windows 10.0.0; IP: ::1'),(430,2,'Transacción Registrada','Se Creó la Transacción TSC00000187, de $10000','2025-02-10 10:51:07','Desde: Chrome 132.0.0; OS: Windows 10.0.0; IP: ::1'),(431,2,'Transacción Registrada','Se Creó la Transacción TSC00000188, de $10000','2025-02-10 10:52:41','Desde: Chrome 132.0.0; OS: Windows 10.0.0; IP: ::1'),(432,2,'Transacción Registrada','Se Creó la Transacción TSC00000189, de $10000','2025-02-10 11:03:47','Desde: Chrome 132.0.0; OS: Windows 10.0.0; IP: ::1'),(433,2,'Transacción Registrada','Se Creó la Transacción TSC00000190, de $10000','2025-02-10 11:10:13','Desde: Chrome 132.0.0; OS: Windows 10.0.0; IP: ::1'),(434,2,'Transacción Registrada','Se Creó la Transacción TSC00000191, de $10000','2025-02-10 11:14:32','Desde: Chrome 132.0.0; OS: Windows 10.0.0; IP: ::1'),(435,2,'Transacción Registrada','Se Creó la Transacción TSC00000192, de $10000','2025-02-10 11:15:30','Desde: Chrome 132.0.0; OS: Windows 10.0.0; IP: ::1'),(436,2,'Transacción Registrada','Se Creó la Transacción TSC00000193, de $10000','2025-02-10 11:19:36','Desde: Chrome 132.0.0; OS: Windows 10.0.0; IP: ::1'),(437,2,'Transacción Registrada','Se Creó la Transacción TSC00000194, de $10000','2025-02-10 11:28:45','Desde: Chrome 132.0.0; OS: Windows 10.0.0; IP: ::1'),(438,2,'Transacción Registrada','Se Creó la Transacción TSC00000195, de $10000','2025-02-10 11:30:44','Desde: Chrome 132.0.0; OS: Windows 10.0.0; IP: ::1'),(439,2,'Transacción Registrada','Se Creó la Transacción TSC00000196, de $10000','2025-02-10 11:32:32','Desde: Chrome 132.0.0; OS: Windows 10.0.0; IP: ::1'),(440,2,'Transacción Registrada','Se Creó la Transacción TSC00000197, de $10000','2025-02-10 12:31:33','Desde: Chrome 132.0.0; OS: Windows 10.0.0; IP: ::1'),(441,2,'Transacción Registrada','Se Creó la Transacción TSC00000198, de $10000','2025-02-10 12:36:41','Desde: Chrome 132.0.0; OS: Windows 10.0.0; IP: ::1'),(442,2,'Transacción Registrada','Se Creó la Transacción TSC00000199, de $125','2025-02-10 12:39:55','Desde: Chrome 132.0.0; OS: Windows 10.0.0; IP: ::1'),(443,2,'Transacción Registrada','Se Creó la Transacción TSC00000200, de $125','2025-02-10 12:40:23','Desde: Chrome 132.0.0; OS: Windows 10.0.0; IP: ::1'),(444,2,'Transacción Registrada','Se Creó la Transacción TSC00000201, de $10000','2025-02-10 12:41:07','Desde: Chrome 132.0.0; OS: Windows 10.0.0; IP: ::1'),(445,1,'Transacción Aprobada','Se Aprobó la Transacción TSC00000201 por un Monto de $10000.00','2025-02-10 12:41:31','Desde: Chrome 133.0.0; OS: Windows 10.0.0; IP: ::1'),(446,2,'Transacción Registrada','Se Creó la Transacción TSC00000202, de $10000','2025-02-10 12:42:01','Desde: Chrome 132.0.0; OS: Windows 10.0.0; IP: ::1'),(447,1,'Transacción Rechazada','Se Rechazó la Transacción TSC00000202 por un Monto de $10000.00','2025-02-10 12:42:11','Desde: Chrome 133.0.0; OS: Windows 10.0.0; IP: ::1'),(448,2,'Transacción Registrada','Se Creó la Transacción TSC00000203, de $10000','2025-02-10 12:52:26','Desde: Chrome 132.0.0; OS: Windows 10.0.0; IP: ::1'),(449,2,'Transacción Registrada','Se Creó la Transacción TSC00000204, de $10000','2025-02-10 12:54:05','Desde: Chrome 132.0.0; OS: Windows 10.0.0; IP: ::1'),(450,2,'Transacción Registrada','Se Creó la Transacción TSC00000205, de $10000','2025-02-10 12:56:36','Desde: Chrome 132.0.0; OS: Windows 10.0.0; IP: ::1'),(451,1,'Transacción Aprobada','Se Aprobó la Transacción TSC00000205 por un Monto de $10000.00','2025-02-10 12:58:22','Desde: Chrome 133.0.0; OS: Windows 10.0.0; IP: ::1'),(452,2,'Transacción Registrada','Se Creó la Transacción TSC00000206, de $10000','2025-02-10 12:58:48','Desde: Chrome 132.0.0; OS: Windows 10.0.0; IP: ::1'),(453,2,'Transacción Registrada','Se Creó la Transacción TSC00000207, de $10000','2025-02-10 13:01:18','Desde: Chrome 132.0.0; OS: Windows 10.0.0; IP: ::1'),(454,2,'Transacción Registrada','Se Creó la Transacción TSC00000208, de $10000','2025-02-10 13:03:29','Desde: Chrome 132.0.0; OS: Windows 10.0.0; IP: ::1'),(455,2,'Transacción Registrada','Se Creó la Transacción TSC00000209, de $12000','2025-02-10 13:07:01','Desde: Chrome 132.0.0; OS: Windows 10.0.0; IP: ::1'),(456,1,'Transacción Aprobada','Se Aprobó la Transacción TSC00000209 por un Monto de $12000.00','2025-02-10 13:08:23','Desde: Chrome 133.0.0; OS: Windows 10.0.0; IP: ::1'),(457,1,'Inicio de Sesión','Inicio de Sesión Correcto','2025-02-10 13:13:16','Desde: Chrome 133.0.0; OS: Windows 10.0.0; IP: ::1'),(458,2,'Transacción Registrada','Se Creó la Transacción TSC00000210, de $10000','2025-02-10 13:14:22','Desde: Chrome 132.0.0; OS: Windows 10.0.0; IP: ::1'),(459,1,'Transacción Aprobada','Se Aprobó la Transacción 210 por un Monto de $10000.00','2025-02-10 13:14:22','Desde: Chrome 132.0.0; OS: Windows 10.0.0; IP: ::1'),(460,2,'Transacción Registrada','Se Creó la Transacción TSC00000211, de $10000','2025-02-10 13:15:02','Desde: Chrome 132.0.0; OS: Windows 10.0.0; IP: ::1'),(461,2,'Transacción Registrada','Se Creó la Transacción TSC00000212, de $12000','2025-02-10 13:16:42','Desde: Chrome 132.0.0; OS: Windows 10.0.0; IP: ::1'),(462,2,'Transacción Registrada','Se Creó la Transacción TSC00000213, de $12000','2025-02-10 13:17:21','Desde: Chrome 132.0.0; OS: Windows 10.0.0; IP: ::1'),(463,1,'Transacción Rechazada','Se Rechazó la Transacción 213 por un Monto de $12000.00','2025-02-10 13:17:22','Desde: Chrome 132.0.0; OS: Windows 10.0.0; IP: ::1'),(464,1,'Transacción Registrada','Se Creó la Transacción TSC00000214, de $80','2025-02-10 13:25:05','Desde: Chrome 133.0.0; OS: Windows 10.0.0; IP: ::1'),(465,1,'Transacción Registrada','Se Creó la Transacción TSC00000215, de $27','2025-02-10 13:25:17','Desde: Chrome 133.0.0; OS: Windows 10.0.0; IP: ::1'),(466,1,'Pago a Colector Realizado','Pago de $5.99 Realizado a TIGO por Internet Residencial de 150MB','2025-02-10 14:10:10','Desde: Chrome 133.0.0; OS: Windows 10.0.0; IP: ::1'),(467,1,'Inicio de Sesión','Inicio de Sesión Correcto','2025-02-10 14:31:34','Desde: Chrome 133.0.0; OS: Windows 10.0.0; IP: 190.150.121.163'),(468,1,'Inicio de Sesión','Inicio de Sesión Correcto','2025-02-10 14:33:33','Desde: Chrome 133.0.0; OS: Windows 10.0.0; IP: 190.150.121.163'),(469,1,'Inicio de Sesión','Inicio de Sesión Correcto','2025-02-10 14:36:47','Desde: Chrome 132.0.0; OS: Windows 10.0.0; IP: 190.150.121.163'),(470,2,'Inicio de Sesión','Inicio de Sesión Correcto','2025-02-10 14:36:58','Desde: Chrome 132.0.0; OS: Windows 10.0.0; IP: 190.150.121.163'),(471,1,'Inicio de Sesión','Inicio de Sesión Correcto','2025-02-10 14:44:20','Desde: Chrome 133.0.0; OS: Windows 10.0.0; IP: ::1'),(472,1,'Inicio de Sesión','Inicio de Sesión Correcto','2025-02-10 14:46:17','Desde: Chrome 133.0.0; OS: Windows 10.0.0; IP: ::1'),(473,2,'Cierre de Sesión','Cierre de Sesión Correcto','2025-02-10 14:53:44','Desde: Chrome 132.0.0; OS: Windows 10.0.0; IP: ::1'),(474,2,'Cierre de Sesión','Cierre de Sesión Correcto','2025-02-10 14:53:46','Desde: Chrome 132.0.0; OS: Windows 10.0.0; IP: ::1'),(475,2,'Cierre de Sesión','Cierre de Sesión Correcto','2025-02-10 14:54:12','Desde: Chrome 132.0.0; OS: Windows 10.0.0; IP: ::1'),(476,2,'Cierre de Sesión','Cierre de Sesión Correcto','2025-02-10 14:54:33','Desde: Chrome 132.0.0; OS: Windows 10.0.0; IP: ::1'),(477,2,'Cierre de Sesión','Cierre de Sesión Correcto','2025-02-10 14:56:09','Desde: Chrome 132.0.0; OS: Windows 10.0.0; IP: ::1'),(478,2,'Cierre de Sesión','Cierre de Sesión Correcto','2025-02-10 14:57:28','Desde: Chrome 132.0.0; OS: Windows 10.0.0; IP: ::1'),(479,2,'Inicio de Sesión','Inicio de Sesión Correcto','2025-02-10 14:57:55','Desde: Chrome 132.0.0; OS: Windows 10.0.0; IP: ::1'),(480,2,'Cierre de Sesión','Cierre de Sesión Correcto','2025-02-10 14:58:01','Desde: Chrome 132.0.0; OS: Windows 10.0.0; IP: ::1'),(481,2,'Inicio de Sesión','Inicio de Sesión Correcto','2025-02-10 14:59:37','Desde: Chrome 132.0.0; OS: Windows 10.0.0; IP: ::1'),(482,2,'Cierre de Sesión','Cierre de Sesión Correcto','2025-02-10 14:59:38','Desde: Chrome 132.0.0; OS: Windows 10.0.0; IP: ::1'),(483,2,'Inicio de Sesión','Inicio de Sesión Correcto','2025-02-10 15:16:21','Desde: Chrome 132.0.0; OS: Windows 10.0.0; IP: ::1'),(484,1,'Pago a Colector Realizado','Pago de $32.99 Realizado a TIGO por Internet Residencial de 150MB','2025-02-10 15:20:29','Desde: Chrome 133.0.0; OS: Windows 10.0.0; IP: ::1'),(485,1,'Pago a Colector Realizado','Pago de $32.99 Realizado a TIGO por Internet Residencial de 150MB','2025-02-10 15:57:54','Desde: Chrome 133.0.0; OS: Windows 10.0.0; IP: ::1'),(486,1,'Transacción Registrada','Se Creó la Transacción TSC00000216, de $12000','2025-02-10 15:58:33','Desde: Chrome 133.0.0; OS: Windows 10.0.0; IP: ::1'),(487,1,'Transacción Registrada','Se Creó la Transacción TSC00000217, de $13245','2025-02-10 15:58:50','Desde: Chrome 133.0.0; OS: Windows 10.0.0; IP: ::1'),(488,1,'Transacción Rechazada','Se Rechazó la Transacción TSC00000216 por un Monto de $12000.00','2025-02-10 16:02:35','Desde: Chrome 133.0.0; OS: Windows 10.0.0; IP: ::1'),(489,1,'Transacción Rechazada','Se Rechazó la Transacción TSC00000217 por un Monto de $13245.00','2025-02-10 16:02:37','Desde: Chrome 133.0.0; OS: Windows 10.0.0; IP: ::1'),(490,1,'Cierre de Sesión','Cierre de Sesión Correcto','2025-02-10 16:03:37','Desde: Chrome 133.0.0; OS: Windows 10.0.0; IP: ::1'),(491,1,'Inicio de Sesión','Inicio de Sesión Correcto','2025-02-10 16:26:12','Desde: Chrome 133.0.0; OS: Windows 10.0.0; IP: ::1'),(492,1,'Inicio de Sesión','Inicio de Sesión Correcto','2025-02-10 16:32:12','Desde: Chrome 133.0.0; OS: Windows 10.0.0; IP: ::1'),(493,1,'Inicio de Sesión','Inicio de Sesión Correcto','2025-02-10 19:35:16','Desde: Chrome 133.0.0; OS: Windows 10.0.0; IP: ::1'),(494,1,'Pago a Colector Realizado','Pago de $10 Realizado a Del Sur por Luz Eléctrica','2025-02-10 19:37:04','Desde: Chrome 133.0.0; OS: Windows 10.0.0; IP: ::1'),(495,1,'Pago a Colector Realizado','Pago de $35 Realizado a TIGO por Internet Residencial de 150MB','2025-02-10 19:37:22','Desde: Chrome 133.0.0; OS: Windows 10.0.0; IP: ::1'),(496,1,'Pago a Colector Realizado','Pago de $32.99 Realizado a TIGO por Internet Residencial de 150MB','2025-02-10 19:39:56','Desde: Chrome 133.0.0; OS: Windows 10.0.0; IP: ::1'),(497,1,'Pago a Colector Realizado','Pago de $0.00 Realizado a Del Sur por Luz Eléctrica','2025-02-10 19:40:23','Desde: Chrome 133.0.0; OS: Windows 10.0.0; IP: ::1'),(498,1,'Pago a Colector Realizado','Pago de $0.00 Realizado a CAESS por Luz Eléctrica','2025-02-10 19:41:56','Desde: Chrome 133.0.0; OS: Windows 10.0.0; IP: ::1'),(499,1,'Pago a Colector Realizado','Pago de $0.00 Realizado a CLESA por Luz Eléctrica','2025-02-10 19:42:39','Desde: Chrome 133.0.0; OS: Windows 10.0.0; IP: ::1'),(500,1,'Pago a Colector Realizado','Pago de $0.00 Realizado a CLESA por Luz Eléctrica','2025-02-10 19:42:56','Desde: Chrome 133.0.0; OS: Windows 10.0.0; IP: ::1'),(501,1,'Pago a Colector Realizado','Pago de $0.00 Realizado a CLESA por Luz Eléctrica','2025-02-10 19:43:34','Desde: Chrome 133.0.0; OS: Windows 10.0.0; IP: ::1'),(502,1,'Pago a Colector Realizado','Pago de $10 Realizado a CLESA por Luz Eléctrica','2025-02-10 19:44:54','Desde: Chrome 133.0.0; OS: Windows 10.0.0; IP: ::1'),(503,1,'Pago a Colector Realizado','Pago de $32.99 Realizado a TIGO por Internet Residencial de 150MB','2025-02-10 19:48:14','Desde: Mobile Safari 17.5.0; OS: iOS 15.0.0; IP: ::1'),(504,1,'Inicio de Sesión','Inicio de Sesión Correcto','2025-02-10 19:51:37','Desde: Chrome 133.0.0; OS: Windows 10.0.0; IP: ::1'),(505,1,'Cierre de Sesión','Cierre de Sesión Correcto','2025-02-10 20:03:29','Desde: Chrome 133.0.0; OS: Windows 10.0.0; IP: ::1'),(506,1,'Inicio de Sesión','Inicio de Sesión Correcto','2025-02-10 20:03:39','Desde: Chrome 133.0.0; OS: Windows 10.0.0; IP: ::1'),(507,1,'Transacción Registrada','Se Creó la Transacción TSC00000218, de $12000','2025-02-10 20:15:52','Desde: Chrome 133.0.0; OS: Windows 10.0.0; IP: ::1'),(508,1,'Transacción Rechazada','Se Rechazó la Transacción TSC00000218 por un Monto de $12000.00','2025-02-10 20:16:00','Desde: Chrome 133.0.0; OS: Windows 10.0.0; IP: ::1'),(509,2,'Inicio de Sesión','Inicio de Sesión Correcto','2025-02-10 20:17:56','Desde: Chrome 132.0.0; OS: Windows 10.0.0; IP: ::1'),(510,2,'Transacción Registrada','Se Creó la Transacción TSC00000219, de $11000','2025-02-10 20:18:13','Desde: Chrome 132.0.0; OS: Windows 10.0.0; IP: ::1'),(511,1,'Transacción Rechazada','Se Rechazó la Transacción 219 por un Monto de $11000.00','2025-02-10 20:18:13','Desde: Chrome 132.0.0; OS: Windows 10.0.0; IP: ::1'),(512,2,'Transacción Registrada','Se Creó la Transacción TSC00000220, de $12500','2025-02-10 20:20:30','Desde: Chrome 132.0.0; OS: Windows 10.0.0; IP: ::1'),(513,1,'Transacción Rechazada','Se Rechazó la Transacción 220 por un Monto de $12500.00','2025-02-10 20:20:30','Desde: Chrome 132.0.0; OS: Windows 10.0.0; IP: ::1'),(514,1,'Pago a Colector Realizado','Pago de $15 Realizado a ANDA por Agua Potable','2025-02-10 20:22:14','Desde: Chrome 133.0.0; OS: Windows 10.0.0; IP: ::1'),(515,1,'Inicio de Sesión','Inicio de Sesión Correcto','2025-02-11 10:08:58','Desde: Chrome 133.0.0; OS: Windows 10.0.0; IP: ::1'),(516,2,'Inicio de Sesión','Inicio de Sesión Correcto','2025-02-11 12:55:12','Desde: Chrome 132.0.0; OS: Windows 10.0.0; IP: ::1'),(517,2,'Pago a Colector Realizado','Pago de $21.1 Realizado a Movistar por Intenet Residencial de 100MB','2025-02-11 13:06:49','Desde: Chrome 132.0.0; OS: Windows 10.0.0; IP: ::1'),(518,1,'Inicio de Sesión','Inicio de Sesión Correcto','2025-02-11 13:06:57','Desde: Chrome 133.0.0; OS: Windows 10.0.0; IP: ::1'),(519,1,'Transacción Registrada','Se Creó la Transacción TSC00000221, de $12500','2025-02-11 16:38:23','Desde: Chrome 133.0.0; OS: Windows 10.0.0; IP: ::1'),(520,1,'Transacción Registrada','Se Creó la Transacción TSC00000222, de $11000','2025-02-11 16:38:32','Desde: Chrome 133.0.0; OS: Windows 10.0.0; IP: ::1'),(521,1,'Transacción Registrada','Se Creó la Transacción TSC00000223, de $12000','2025-02-11 16:38:48','Desde: Chrome 133.0.0; OS: Windows 10.0.0; IP: ::1'),(522,1,'Transacción Registrada','Se Creó la Transacción TSC00000224, de $11345','2025-02-11 16:38:58','Desde: Chrome 133.0.0; OS: Windows 10.0.0; IP: ::1'),(523,1,'Transacción Registrada','Se Creó la Transacción TSC00000225, de $10575','2025-02-11 16:39:14','Desde: Chrome 133.0.0; OS: Windows 10.0.0; IP: ::1'),(524,1,'Transacción Registrada','Se Creó la Transacción TSC00000226, de $123','2025-02-11 16:39:39','Desde: Chrome 133.0.0; OS: Windows 10.0.0; IP: ::1'),(525,1,'Transacción Registrada','Se Creó la Transacción TSC00000227, de $125','2025-02-11 16:39:49','Desde: Chrome 133.0.0; OS: Windows 10.0.0; IP: ::1'),(526,1,'Transacción Registrada','Se Creó la Transacción TSC00000228, de $15','2025-02-11 16:39:58','Desde: Chrome 133.0.0; OS: Windows 10.0.0; IP: ::1'),(527,1,'Transacción Registrada','Se Creó la Transacción TSC00000229, de $22','2025-02-11 16:40:24','Desde: Chrome 133.0.0; OS: Windows 10.0.0; IP: ::1'),(528,1,'Transacción Registrada','Se Creó la Transacción TSC00000230, de $100','2025-02-11 16:40:41','Desde: Chrome 133.0.0; OS: Windows 10.0.0; IP: ::1'),(529,1,'Transacción Rechazada','Se Rechazó la Transacción TSC00000221 por un Monto de $12500.00','2025-02-11 16:41:44','Desde: Chrome 133.0.0; OS: Windows 10.0.0; IP: ::1'),(530,1,'Transacción Rechazada','Se Rechazó la Transacción TSC00000222 por un Monto de $11000.00','2025-02-11 16:41:45','Desde: Chrome 133.0.0; OS: Windows 10.0.0; IP: ::1'),(531,1,'Transacción Registrada','Se Creó la Transacción TSC00000231, de $25','2025-02-11 16:42:38','Desde: Chrome 133.0.0; OS: Windows 10.0.0; IP: ::1'),(532,1,'Transacción Registrada','Se Creó la Transacción TSC00000232, de $15','2025-02-11 16:42:47','Desde: Chrome 133.0.0; OS: Windows 10.0.0; IP: ::1'),(533,1,'Transacción Registrada','Se Creó la Transacción TSC00000233, de $25','2025-02-11 16:43:02','Desde: Chrome 133.0.0; OS: Windows 10.0.0; IP: ::1'),(534,2,'Cierre de Sesión','Cierre de Sesión Correcto','2025-02-11 16:51:39','Desde: Chrome 132.0.0; OS: Windows 10.0.0; IP: ::1'),(535,1,'Inicio de Sesión','Inicio de Sesión Correcto','2025-02-11 18:01:08','Desde: Chrome 133.0.0; OS: Windows 10.0.0; IP: ::1'),(536,1,'Inicio de Sesión','Inicio de Sesión Correcto','2025-02-11 18:28:27','Desde: Chrome 133.0.0; OS: Windows 10.0.0; IP: ::1'),(537,1,'Inicio de Sesión','Inicio de Sesión Correcto','2025-02-11 18:28:44','Desde: Chrome 133.0.0; OS: Windows 10.0.0; IP: ::1'),(538,1,'Inicio de Sesión','Inicio de Sesión Correcto','2025-02-11 18:57:04','Desde: Chrome 133.0.0; OS: Windows 10.0.0; IP: ::1'),(539,1,'Inicio de Sesión','Inicio de Sesión Correcto','2025-02-11 19:18:36','Desde: Chrome 133.0.0; OS: Windows 10.0.0; IP: ::1'),(540,1,'Inicio de Sesión','Inicio de Sesión Correcto','2025-02-11 19:18:53','Desde: Chrome 133.0.0; OS: Windows 10.0.0; IP: ::1'),(541,1,'Inicio de Sesión','Inicio de Sesión Correcto','2025-02-11 19:23:06','Desde: Chrome 133.0.0; OS: Windows 10.0.0; IP: ::1'),(542,1,'Inicio de Sesión','Inicio de Sesión Correcto','2025-02-11 19:24:01','Desde: Chrome 133.0.0; OS: Windows 10.0.0; IP: ::1'),(543,1,'Inicio de Sesión','Inicio de Sesión Correcto','2025-02-11 19:33:11','Desde: Chrome 133.0.0; OS: Windows 10.0.0; IP: ::1'),(544,2,'Inicio de Sesión','Inicio de Sesión Correcto','2025-02-11 19:33:20','Desde: Chrome 132.0.0; OS: Windows 10.0.0; IP: ::1'),(545,2,'Inicio de Sesión','Inicio de Sesión Correcto','2025-02-11 19:42:27','Desde: Chrome 132.0.0; OS: Windows 10.0.0; IP: ::1'),(546,2,'Inicio de Sesión','Inicio de Sesión Correcto','2025-02-11 19:43:00','Desde: Chrome 132.0.0; OS: Windows 10.0.0; IP: ::1'),(547,1,'Inicio de Sesión','Inicio de Sesión Correcto','2025-02-11 19:43:58','Desde: Chrome 132.0.0; OS: Windows 10.0.0; IP: ::1'),(548,2,'Inicio de Sesión','Inicio de Sesión Correcto','2025-02-11 20:17:02','Desde: Chrome 132.0.0; OS: Windows 10.0.0; IP: ::1'),(549,2,'Cierre de Sesión','Cierre de Sesión Correcto','2025-02-11 20:19:02','Desde: Chrome 132.0.0; OS: Windows 10.0.0; IP: ::1'),(550,2,'Inicio de Sesión','Inicio de Sesión Correcto','2025-02-11 20:19:07','Desde: Chrome 132.0.0; OS: Windows 10.0.0; IP: ::1'),(551,1,'Inicio de Sesión','Inicio de Sesión Correcto','2025-02-11 20:20:16','Desde: Chrome 132.0.0; OS: Windows 10.0.0; IP: ::1'),(552,2,'Cierre de Sesión','Cierre de Sesión Correcto','2025-02-11 20:20:31','Desde: Chrome 132.0.0; OS: Windows 10.0.0; IP: ::1'),(553,2,'Inicio de Sesión','Inicio de Sesión Correcto','2025-02-11 20:20:37','Desde: Chrome 132.0.0; OS: Windows 10.0.0; IP: ::1'),(554,1,'Inicio de Sesión','Inicio de Sesión Correcto','2025-02-11 20:45:19','Desde: Chrome 133.0.0; OS: Windows 10.0.0; IP: ::1'),(555,1,'Cierre de Sesión','Cierre de Sesión Correcto','2025-02-11 20:57:15','Desde: Chrome 133.0.0; OS: Windows 10.0.0; IP: ::1'),(556,1,'Inicio de Sesión','Inicio de Sesión Correcto','2025-02-11 20:57:42','Desde: Chrome 133.0.0; OS: Windows 10.0.0; IP: ::1'),(557,1,'Cierre de Sesión','Cierre de Sesión Correcto','2025-02-11 20:57:47','Desde: Chrome 133.0.0; OS: Windows 10.0.0; IP: ::1'),(558,2,'Inicio de Sesión','Inicio de Sesión Correcto','2025-02-12 02:25:13','Desde: Chrome 133.0.0; OS: Windows 10.0.0; IP: ::1'),(559,2,'Cierre de Sesión','Cierre de Sesión Correcto','2025-02-12 02:29:10','Desde: Chrome 133.0.0; OS: Windows 10.0.0; IP: ::1'),(560,1,'Inicio de Sesión','Inicio de Sesión Correcto','2025-02-12 02:31:07','Desde: Chrome 133.0.0; OS: Windows 10.0.0; IP: ::1'),(561,1,'Cierre de Sesión','Cierre de Sesión Correcto','2025-02-12 02:44:41','Desde: Chrome 133.0.0; OS: Windows 10.0.0; IP: ::1'),(562,1,'Inicio de Sesión','Inicio de Sesión Correcto','2025-02-12 02:46:12','Desde: Chrome 133.0.0; OS: Windows 10.0.0; IP: ::1'),(563,1,'Usuario Actualizado','Se Actualizaron los Datos del Usuario Jorge Cabrera','2025-02-12 02:46:34','Desde: Chrome 133.0.0; OS: Windows 10.0.0; IP: ::1'),(564,2,'Inicio de Sesión','Inicio de Sesión Correcto','2025-02-12 11:34:44','Desde: Chrome 132.0.0; OS: Windows 10.0.0; IP: ::1'),(565,1,'Usuario Actualizado','Se Actualizaron los Datos del Usuario Jorge Cabrera','2025-02-12 11:36:56','Desde: Chrome 133.0.0; OS: Windows 10.0.0; IP: ::1'),(566,1,'Usuario Actualizado','Se Actualizaron los Datos del Usuario Joaquín Reyes','2025-02-12 11:39:49','Desde: Chrome 133.0.0; OS: Windows 10.0.0; IP: ::1'),(567,1,'Usuario Actualizado','Se Actualizaron los Datos del Usuario Joaquín Reyes','2025-02-12 11:40:08','Desde: Chrome 133.0.0; OS: Windows 10.0.0; IP: ::1'),(568,1,'Usuario Actualizado','Se Actualizaron los Datos del Usuario Joaquín Reyes','2025-02-12 11:41:04','Desde: Chrome 133.0.0; OS: Windows 10.0.0; IP: ::1'),(569,1,'Usuario Actualizado','Se Actualizaron los Datos del Usuario Joaquín Reyes','2025-02-12 11:41:45','Desde: Chrome 133.0.0; OS: Windows 10.0.0; IP: ::1'),(570,1,'Usuario Actualizado','Se Actualizaron los Datos del Usuario Joaquín Reyes','2025-02-12 11:44:08','Desde: Chrome 133.0.0; OS: Windows 10.0.0; IP: ::1'),(571,2,'Transacción Registrada','Se Creó la Transacción TSC00000234, de $12000','2025-02-12 11:44:46','Desde: Chrome 132.0.0; OS: Windows 10.0.0; IP: ::1'),(572,3,'Transacción Aprobada','Se Aprobó la Transacción 234 por un Monto de $12000.00','2025-02-12 11:44:46','Desde: Chrome 132.0.0; OS: Windows 10.0.0; IP: ::1'),(573,1,'Usuario Actualizado','Se Actualizaron los Datos del Usuario Joaquín Reyes','2025-02-12 11:46:09','Desde: Chrome 133.0.0; OS: Windows 10.0.0; IP: ::1'),(574,1,'Usuario Actualizado','Se Actualizaron los Datos del Usuario Joaquín Reyes','2025-02-12 11:47:51','Desde: Chrome 133.0.0; OS: Windows 10.0.0; IP: ::1'),(575,1,'Usuario Actualizado','Se Actualizaron los Datos del Usuario Joaquín Reyes','2025-02-12 11:47:55','Desde: Chrome 133.0.0; OS: Windows 10.0.0; IP: ::1'),(576,1,'Usuario Actualizado','Se Actualizaron los Datos del Usuario Joaquín Reyes','2025-02-12 11:48:02','Desde: Chrome 133.0.0; OS: Windows 10.0.0; IP: ::1'),(577,1,'Usuario Actualizado','Se Actualizaron los Datos del Usuario Jorge Cabrera','2025-02-12 11:58:12','Desde: Chrome 133.0.0; OS: Windows 10.0.0; IP: ::1'),(578,2,'Inicio de Sesión','Inicio de Sesión Correcto','2025-02-12 11:58:16','Desde: Firefox 135.0.0; OS: Windows 10.0.0; IP: ::ffff:127.0.0.1'),(579,2,'Cierre de Sesión','Cierre de Sesión Correcto','2025-02-12 11:58:23','Desde: Chrome 132.0.0; OS: Windows 10.0.0; IP: ::1'),(580,1,'Usuario Actualizado','Se Actualizaron los Datos del Usuario Joaquín Reyes','2025-02-12 11:58:39','Desde: Chrome 133.0.0; OS: Windows 10.0.0; IP: ::1'),(581,3,'Inicio de Sesión','Inicio de Sesión Correcto','2025-02-12 11:58:46','Desde: Chrome 132.0.0; OS: Windows 10.0.0; IP: ::1'),(582,3,'Transacción Aprobada','Se Aprobó la Transacción TSC00000224 por un Monto de $11345.00','2025-02-12 12:07:46','Desde: Chrome 132.0.0; OS: Windows 10.0.0; IP: ::1'),(583,1,'Transacción Registrada','Se Creó la Transacción TSC00000235, de $120','2025-02-12 12:21:27','Desde: Chrome 133.0.0; OS: Windows 10.0.0; IP: ::1'),(584,1,'Inicio de Sesión','Inicio de Sesión Correcto','2025-02-12 12:48:55','Desde: Chrome 133.0.0; OS: Windows 10.0.0; IP: ::1'),(585,1,'Inicio de Sesión','Inicio de Sesión Correcto','2025-02-12 14:01:39','Desde: Chrome 133.0.0; OS: Windows 10.0.0; IP: 190.150.121.154'),(586,1,'Inicio de Sesión','Inicio de Sesión Correcto','2025-02-12 14:12:03','Desde: Chrome 133.0.0; OS: Windows 10.0.0; IP: 190.150.121.154'),(587,1,'Inicio de Sesión','Inicio de Sesión Correcto','2025-02-12 14:34:05','Desde: Chrome 133.0.0; OS: Windows 10.0.0; IP: 190.150.121.154'),(588,1,'Cierre de Sesión','Cierre de Sesión Correcto','2025-02-12 15:18:17','Desde: Chrome 133.0.0; OS: Windows 10.0.0; IP: ::1'),(589,1,'Cierre de Sesión','Cierre de Sesión Correcto','2025-02-12 15:20:57','Desde: Chrome 133.0.0; OS: Windows 10.0.0; IP: ::1'),(590,1,'Inicio de Sesión','Inicio de Sesión Correcto','2025-02-12 15:21:07','Desde: Chrome 133.0.0; OS: Windows 10.0.0; IP: 10.240.0.199'),(591,1,'Cierre de Sesión','Cierre de Sesión Correcto','2025-02-12 15:22:38','Desde: Chrome 133.0.0; OS: Windows 10.0.0; IP: 10.240.0.199'),(592,2,'Inicio de Sesión','Inicio de Sesión Correcto','2025-02-12 15:30:06','Desde: Chrome 133.0.0; OS: Windows 10.0.0; IP: ::1'),(593,2,'Cierre de Sesión','Cierre de Sesión Correcto','2025-02-12 15:30:44','Desde: Chrome 133.0.0; OS: Windows 10.0.0; IP: ::1'),(594,1,'Inicio de Sesión','Inicio de Sesión Correcto','2025-02-12 15:30:49','Desde: Chrome 133.0.0; OS: Windows 10.0.0; IP: ::1'),(595,2,'Inicio de Sesión','Inicio de Sesión Correcto','2025-02-12 15:30:59','Desde: Chrome 133.0.0; OS: Windows 10.0.0; IP: ::1'),(596,2,'Cierre de Sesión','Cierre de Sesión Correcto','2025-02-12 15:32:03','Desde: Firefox 135.0.0; OS: Windows 10.0.0; IP: ::ffff:127.0.0.1'),(597,3,'Inicio de Sesión','Inicio de Sesión Correcto','2025-02-12 15:32:13','Desde: Firefox 135.0.0; OS: Windows 10.0.0; IP: ::ffff:127.0.0.1'),(598,1,'Inicio de Sesión','Inicio de Sesión Correcto','2025-02-12 19:38:34','Desde: Chrome 133.0.0; OS: Windows 10.0.0; IP: 190.150.121.154'),(599,1,'Inicio de Sesión','Inicio de Sesión Correcto','2025-02-12 19:53:35','Desde: Chrome 133.0.0; OS: Windows 10.0.0; IP: 190.150.121.154'),(600,1,'Inicio de Sesión','Inicio de Sesión Correcto','2025-02-12 21:21:09','Desde: Chrome 133.0.0; OS: Windows 10.0.0; IP: 190.150.121.154'),(601,1,'Inicio de Sesión','Inicio de Sesión Correcto','2025-02-12 22:38:50','Desde: Chrome 133.0.0; OS: Windows 10.0.0; IP: ::1'),(602,1,'Inicio de Sesión','Inicio de Sesión Correcto','2025-02-13 09:51:00','Desde: Chrome 133.0.0; OS: Windows 10.0.0; IP: ::1'),(603,1,'Cliente Actualizado','Se Actualizaron los Datos del Cliente con Número de Identidad ********-*','2025-02-13 10:15:13','Desde: Chrome 133.0.0; OS: Windows 10.0.0; IP: ::1'),(604,1,'Cierre de Sesión','Cierre de Sesión Correcto','2025-02-13 17:25:43','Desde: Chrome 133.0.0; OS: Windows 10.0.0; IP: ::1'),(605,1,'Inicio de Sesión','Inicio de Sesión Correcto','2025-02-13 17:37:25','Desde: Chrome 133.0.0; OS: Windows 10.0.0; IP: ::1'),(606,1,'Cierre de Sesión','Cierre de Sesión Correcto','2025-02-13 17:38:25','Desde: Chrome 133.0.0; OS: Windows 10.0.0; IP: ::1'),(607,1,'Inicio de Sesión','Inicio de Sesión Correcto','2025-02-13 17:38:46','Desde: Chrome 133.0.0; OS: Windows 10.0.0; IP: ::1'),(608,1,'Cliente Actualizado','Se Actualizaron los Datos del Cliente con Número de Identidad sdsdsdsdsdsdsdsdsdsdsds','2025-02-13 17:39:37','Desde: Chrome 133.0.0; OS: Windows 10.0.0; IP: ::1'),(609,1,'Cliente Actualizado','Se Actualizaron los Datos del Cliente con Número de Identidad esdsdsdsds!\"#$%&/dwew2','2025-02-13 17:40:21','Desde: Chrome 133.0.0; OS: Windows 10.0.0; IP: ::1'),(610,1,'Cliente Actualizado','Se Actualizaron los Datos del Cliente con Número de Identidad ********-*','2025-02-13 17:41:48','Desde: Chrome 133.0.0; OS: Windows 10.0.0; IP: ::1'),(611,1,'Cliente Eliminado','Se Eliminó al Cliente con Número de Identidad 00000028-8','2025-02-13 17:46:02','Desde: Chrome 133.0.0; OS: Windows 10.0.0; IP: ::1'),(612,1,'Colector Registrado','Se Registró al Colector pruebas','2025-02-13 17:49:24','Desde: Chrome 133.0.0; OS: Windows 10.0.0; IP: ::1'),(613,1,'Servicio Registrado','Se Registró el Servicio luz del Colector pruebas','2025-02-13 17:49:24','Desde: Chrome 133.0.0; OS: Windows 10.0.0; IP: ::1'),(614,1,'Pago a Colector Realizado','Pago de $5 Realizado a ANDA por Agua Potable','2025-02-13 17:56:08','Desde: Chrome 133.0.0; OS: Windows 10.0.0; IP: ::1'),(615,1,'Servicio Registrado','Se Registró el Servicio pago por que si Para el Colector pruebas','2025-02-13 17:59:54','Desde: Chrome 133.0.0; OS: Windows 10.0.0; IP: ::1'),(616,1,'Servicio Registrado','Se Registró el Servicio Mensualidad #3 Para el Colector pruebas','2025-02-13 17:59:54','Desde: Chrome 133.0.0; OS: Windows 10.0.0; IP: ::1'),(617,1,'Servicio Registrado','Se Registró el Servicio mensualisad Para el Colector pruebas','2025-02-13 17:59:54','Desde: Chrome 133.0.0; OS: Windows 10.0.0; IP: ::1'),(618,1,'Servicio Registrado','Se Registró el Servicio Mensualidad #2 Para el Colector pruebas','2025-02-13 18:03:19','Desde: Chrome 133.0.0; OS: Windows 10.0.0; IP: ::1'),(619,1,'Servicio Eliminado','Se Eliminó el Servicio Mensualidad #2 del Colector pruebas','2025-02-13 18:04:01','Desde: Chrome 133.0.0; OS: Windows 10.0.0; IP: ::1'),(620,1,'Pago a Colector Realizado','Pago de $9 Realizado a pruebas por luz','2025-02-13 18:08:05','Desde: Chrome 133.0.0; OS: Windows 10.0.0; IP: ::1'),(621,1,'Transacción Registrada','Se Creó la Transacción TSC00000236, de $5','2025-02-13 18:14:13','Desde: Chrome 133.0.0; OS: Windows 10.0.0; IP: ::1'),(622,1,'Transacción Registrada','Se Creó la Transacción TSC00000237, de $10','2025-02-13 18:15:55','Desde: Chrome 133.0.0; OS: Windows 10.0.0; IP: ::1'),(623,1,'Transacción Registrada','Se Creó la Transacción TSC00000238, de $100','2025-02-13 18:17:08','Desde: Chrome 133.0.0; OS: Windows 10.0.0; IP: ::1'),(624,1,'Nuevo Tipo de Transacción Registrado','pruebas Registrado','2025-02-13 18:17:27','Desde: Chrome 133.0.0; OS: Windows 10.0.0; IP: ::1'),(625,1,'Tipo de Transacción Actualizado','Se Actualizó el Nombre del Tipo de Transacción pruebas 2','2025-02-13 18:17:32','Desde: Chrome 133.0.0; OS: Windows 10.0.0; IP: ::1'),(626,1,'Tipo de Transacción Eliminado','Se Eliminó el Tipo de Transacción pruebas 2','2025-02-13 18:17:39','Desde: Chrome 133.0.0; OS: Windows 10.0.0; IP: ::1'),(627,1,'Transacción Registrada','Se Creó la Transacción TSC00000239, de $80125','2025-02-13 18:19:29','Desde: Chrome 133.0.0; OS: Windows 10.0.0; IP: ::1'),(628,1,'Transacción Aprobada','Se Aprobó la Transacción TSC00000239 por un Monto de $80125.00','2025-02-13 18:21:08','Desde: Chrome 133.0.0; OS: Windows 10.0.0; IP: ::1'),(629,1,'Transacción Registrada','Se Creó la Transacción TSC00000240, de $100','2025-02-13 18:22:09','Desde: Chrome 133.0.0; OS: Windows 10.0.0; IP: ::1'),(630,1,'Transacción Registrada','Se Creó la Transacción TSC00000241, de $100','2025-02-13 18:24:32','Desde: Chrome 133.0.0; OS: Windows 10.0.0; IP: ::1'),(631,1,'Transacción Rechazada','Se Rechazó la Transacción TSC00000223 por un Monto de $12000.00','2025-02-13 18:25:31','Desde: Chrome 133.0.0; OS: Windows 10.0.0; IP: ::1'),(632,1,'Transacción Rechazada','Se Rechazó la Transacción TSC00000225 por un Monto de $10575.00','2025-02-13 18:25:55','Desde: Chrome 133.0.0; OS: Windows 10.0.0; IP: ::1'),(633,1,'Cierre de Sesión','Cierre de Sesión Correcto','2025-02-13 18:28:14','Desde: Chrome 133.0.0; OS: Windows 10.0.0; IP: ::1'),(634,2,'Inicio de Sesión','Inicio de Sesión Correcto','2025-02-13 18:28:43','Desde: Chrome 133.0.0; OS: Windows 10.0.0; IP: ::1'),(635,2,'Pago a Colector Realizado','Pago de $110 Realizado a ANDA por Agua Potable','2025-02-13 18:30:10','Desde: Chrome 133.0.0; OS: Windows 10.0.0; IP: ::1'),(636,2,'Transacción Registrada','Se Creó la Transacción TSC00000242, de $12000','2025-02-13 18:31:28','Desde: Chrome 133.0.0; OS: Windows 10.0.0; IP: ::1'),(637,2,'Cierre de Sesión','Cierre de Sesión Correcto','2025-02-13 18:32:16','Desde: Chrome 133.0.0; OS: Windows 10.0.0; IP: ::1'),(638,1,'Inicio de Sesión','Inicio de Sesión Correcto','2025-02-13 18:32:54','Desde: Chrome 133.0.0; OS: Windows 10.0.0; IP: ::1'),(639,1,'Cierre de Sesión','Cierre de Sesión Correcto','2025-02-13 18:33:18','Desde: Chrome 133.0.0; OS: Windows 10.0.0; IP: ::1'),(640,2,'Inicio de Sesión','Inicio de Sesión Correcto','2025-02-13 18:33:35','Desde: Chrome 133.0.0; OS: Windows 10.0.0; IP: ::1'),(641,2,'Transacción Registrada','Se Creó la Transacción TSC00000243, de $12000','2025-02-13 18:34:44','Desde: Chrome 133.0.0; OS: Windows 10.0.0; IP: ::1'),(642,1,'Inicio de Sesión','Inicio de Sesión Correcto','2025-02-13 18:35:06','Desde: Chrome 133.0.0; OS: Windows 10.0.0; IP: ::1'),(643,1,'Transacción Aprobada','Se Aprobó la Transacción 243 por un Monto de $12000.00','2025-02-13 18:36:16','Desde: Chrome 133.0.0; OS: Windows 10.0.0; IP: ::1'),(644,1,'Transacción Aprobada','Se Aprobó la Transacción 243 por un Monto de $12000.00','2025-02-13 18:37:00','Desde: Chrome 133.0.0; OS: Windows 10.0.0; IP: ::1'),(645,2,'Cierre de Sesión','Cierre de Sesión Correcto','2025-02-13 18:37:10','Desde: Chrome 133.0.0; OS: Windows 10.0.0; IP: ::1'),(646,1,'Inicio de Sesión','Inicio de Sesión Correcto','2025-02-13 18:37:22','Desde: Chrome 133.0.0; OS: Windows 10.0.0; IP: ::1'),(647,1,'Cierre de Sesión','Cierre de Sesión Correcto','2025-02-13 18:37:48','Desde: Chrome 133.0.0; OS: Windows 10.0.0; IP: ::1'),(648,2,'Inicio de Sesión','Inicio de Sesión Correcto','2025-02-13 18:37:50','Desde: Chrome 133.0.0; OS: Windows 10.0.0; IP: ::1'),(649,2,'Transacción Registrada','Se Creó la Transacción TSC00000244, de $13000','2025-02-13 18:38:54','Desde: Chrome 133.0.0; OS: Windows 10.0.0; IP: ::1'),(650,1,'Transacción Aprobada','Se Aprobó la Transacción 244 por un Monto de $13000.00','2025-02-13 18:38:54','Desde: Chrome 133.0.0; OS: Windows 10.0.0; IP: ::1'),(651,2,'Transacción Registrada','Se Creó la Transacción TSC00000245, de $11000','2025-02-13 18:39:28','Desde: Chrome 133.0.0; OS: Windows 10.0.0; IP: ::1'),(652,1,'Servicio Actualizado','Se Actualizó el Servicio mensualisad 2xd del Colector pruebas','2025-02-13 19:01:35','Desde: Chrome 133.0.0; OS: Windows 10.0.0; IP: ::1'),(653,1,'Servicio Actualizado','Se Actualizó el Servicio mensualisad 2xd del Colector pruebas','2025-02-13 19:02:19','Desde: Chrome 133.0.0; OS: Windows 10.0.0; IP: ::1'),(654,1,'Servicio Actualizado','Se Actualizó el Servicio Mensualidad #3 del Colector pruebas','2025-02-13 19:02:37','Desde: Chrome 133.0.0; OS: Windows 10.0.0; IP: ::1'),(655,1,'Servicio Actualizado','Se Actualizó el Servicio Mensualidad #4 del Colector pruebas','2025-02-13 19:04:39','Desde: Chrome 133.0.0; OS: Windows 10.0.0; IP: ::1'),(656,1,'Servicio Actualizado','Se Actualizó el Servicio Mensualidad #3 del Colector pruebas','2025-02-13 19:04:43','Desde: Chrome 133.0.0; OS: Windows 10.0.0; IP: ::1'),(657,1,'Servicio Actualizado','Se Actualizó el Servicio Mensualidad #4 del Colector pruebas','2025-02-13 19:04:48','Desde: Chrome 133.0.0; OS: Windows 10.0.0; IP: ::1'),(658,1,'Servicio Actualizado','Se Actualizó el Servicio Mensualidad #3 del Colector pruebas','2025-02-13 19:05:35','Desde: Chrome 133.0.0; OS: Windows 10.0.0; IP: ::1'),(659,1,'Servicio Actualizado','Se Actualizó el Servicio Mensualidad #4 del Colector pruebas','2025-02-13 19:05:40','Desde: Chrome 133.0.0; OS: Windows 10.0.0; IP: ::1'),(660,1,'Servicio Actualizado','Se Actualizó el Servicio Mensualidad #3 del Colector pruebas','2025-02-13 19:06:20','Desde: Chrome 133.0.0; OS: Windows 10.0.0; IP: ::1'),(661,1,'Servicio Actualizado','Se Actualizó el Servicio Mensualidad #4 del Colector pruebas','2025-02-13 19:08:01','Desde: Chrome 133.0.0; OS: Windows 10.0.0; IP: ::1'),(662,1,'Servicio Actualizado','Se Actualizó el Servicio Mensualidad #34 del Colector pruebas','2025-02-13 19:08:10','Desde: Chrome 133.0.0; OS: Windows 10.0.0; IP: ::1'),(663,1,'Servicio Actualizado','Se Actualizó el Servicio Mensualidad #4 del Colector pruebas','2025-02-13 19:08:16','Desde: Chrome 133.0.0; OS: Windows 10.0.0; IP: ::1'),(664,1,'Servicio Registrado','Se Registró el Servicio pago por que si xd Para el Colector pruebas','2025-02-13 19:20:06','Desde: Chrome 133.0.0; OS: Windows 10.0.0; IP: ::1'),(665,1,'Servicio Eliminado','Se Eliminó el Servicio pago por que si xd del Colector pruebas','2025-02-13 19:20:18','Desde: Chrome 133.0.0; OS: Windows 10.0.0; IP: ::1'),(666,1,'Servicio Registrado','Se Registró el Servicio pago por que si xdd Para el Colector pruebas','2025-02-13 19:20:33','Desde: Chrome 133.0.0; OS: Windows 10.0.0; IP: ::1'),(667,1,'Servicio Registrado','Se Registró el Servicio Mensualidad #3 Para el Colector Del Sur','2025-02-13 19:23:38','Desde: Chrome 133.0.0; OS: Windows 10.0.0; IP: ::1'),(668,1,'Transacción Rechazada','Se Rechazó la Transacción TSC00000245 por un Monto de $11000.00','2025-02-13 21:05:38','Desde: Chrome 133.0.0; OS: Windows 10.0.0; IP: ::1'),(669,1,'Cliente Actualizado','Se Actualizaron los Datos del Cliente con Número de Identidad ********-*','2025-02-13 21:13:39','Desde: Chrome 133.0.0; OS: Windows 10.0.0; IP: ::1'),(670,1,'Transacción Registrada','Se Creó la Transacción TSC00000246, de $124.5','2025-02-13 21:17:41','Desde: Chrome 133.0.0; OS: Windows 10.0.0; IP: ::1'),(671,1,'Transacción Registrada','Se Creó la Transacción TSC00000247, de $215','2025-02-13 21:44:14','Desde: Chrome 133.0.0; OS: Windows 10.0.0; IP: ::1'),(672,1,'Transacción Registrada','Se Creó la Transacción TSC00000248, de $217','2025-02-13 21:47:42','Desde: Chrome 133.0.0; OS: Windows 10.0.0; IP: ::1'),(673,1,'Transacción Registrada','Se Creó la Transacción TSC00000249, de $120','2025-02-13 21:50:02','Desde: Chrome 133.0.0; OS: Windows 10.0.0; IP: ::1'),(674,1,'Transacción Registrada','Se Creó la Transacción TSC00000250, de $125','2025-02-13 21:54:48','Desde: Chrome 133.0.0; OS: Windows 10.0.0; IP: ::1'),(675,1,'Pago a Colector Realizado','Pago de $24.99 Realizado a Movistar por Intenet Residencial de 100MB','2025-02-13 22:45:16','Desde: Chrome 133.0.0; OS: Windows 10.0.0; IP: ::1'),(676,1,'Transacción Registrada','Se Creó la Transacción TSC00000251, de $12000','2025-02-13 22:49:17','Desde: Chrome 133.0.0; OS: Windows 10.0.0; IP: ::1'),(677,2,'Inicio de Sesión','Inicio de Sesión Correcto','2025-02-13 22:51:48','Desde: Chrome 133.0.0; OS: Windows 10.0.0; IP: ::1'),(678,1,'Transacción Aprobada','Se Aprobó la Transacción 251 por un Monto de $12000.00','2025-02-13 22:52:58','Desde: Chrome 133.0.0; OS: Windows 10.0.0; IP: ::1'),(679,1,'Transacción Registrada','Se Creó la Transacción TSC00000252, de $12345','2025-02-13 23:00:50','Desde: Chrome 133.0.0; OS: Windows 10.0.0; IP: ::1'),(680,2,'Transacción Registrada','Se Creó la Transacción TSC00000253, de $13456','2025-02-13 23:08:30','Desde: Chrome 133.0.0; OS: Windows 10.0.0; IP: ::1'),(681,2,'Transacción Registrada','Se Creó la Transacción TSC00000254, de $12345','2025-02-13 23:09:02','Desde: Chrome 133.0.0; OS: Windows 10.0.0; IP: ::1'),(682,2,'Transacción Registrada','Se Creó la Transacción TSC00000255, de $12000','2025-02-13 23:10:44','Desde: Chrome 133.0.0; OS: Windows 10.0.0; IP: ::1'),(683,2,'Transacción Registrada','Se Creó la Transacción TSC00000256, de $12453','2025-02-13 23:16:13','Desde: Chrome 133.0.0; OS: Windows 10.0.0; IP: ::1'),(684,2,'Transacción Registrada','Se Creó la Transacción TSC00000257, de $12356','2025-02-13 23:19:05','Desde: Chrome 133.0.0; OS: Windows 10.0.0; IP: ::1'),(685,2,'Transacción Registrada','Se Creó la Transacción TSC00000258, de $12467','2025-02-13 23:20:49','Desde: Chrome 133.0.0; OS: Windows 10.0.0; IP: ::1'),(686,1,'Transacción Aprobada','Se Aprobó la Transacción 258 por un Monto de $12467.00','2025-02-13 23:20:49','Desde: Chrome 133.0.0; OS: Windows 10.0.0; IP: ::1'),(687,1,'Transacción Aprobada','Se Aprobó la Transacción 258 por un Monto de $12467.00','2025-02-13 23:21:25','Desde: Chrome 133.0.0; OS: Windows 10.0.0; IP: ::1'),(688,2,'Transacción Registrada','Se Creó la Transacción TSC00000259, de $12567','2025-02-13 23:22:53','Desde: Chrome 133.0.0; OS: Windows 10.0.0; IP: ::1'),(689,1,'Transacción Aprobada','Se Aprobó la Transacción 259 por un Monto de $12567.00','2025-02-13 23:22:53','Desde: Chrome 133.0.0; OS: Windows 10.0.0; IP: ::1'),(690,1,'Transacción Registrada','Se Creó la Transacción TSC00000260, de $12345','2025-02-13 23:25:21','Desde: Chrome 133.0.0; OS: Windows 10.0.0; IP: ::1'),(691,2,'Cierre de Sesión','Cierre de Sesión Correcto','2025-02-13 23:25:40','Desde: Chrome 133.0.0; OS: Windows 10.0.0; IP: ::1'),(692,2,'Inicio de Sesión','Inicio de Sesión Correcto','2025-02-13 23:25:44','Desde: Chrome 133.0.0; OS: Windows 10.0.0; IP: ::1'),(693,3,'Inicio de Sesión','Inicio de Sesión Correcto','2025-02-13 23:25:51','Desde: Firefox 135.0.0; OS: Windows 10.0.0; IP: ::ffff:127.0.0.1'),(694,3,'Transacción Registrada','Se Creó la Transacción TSC00000261, de $140','2025-02-13 23:27:47','Desde: Firefox 135.0.0; OS: Windows 10.0.0; IP: ::ffff:127.0.0.1'),(695,3,'Transacción Registrada','Se Creó la Transacción TSC00000262, de $32','2025-02-13 23:28:51','Desde: Firefox 135.0.0; OS: Windows 10.0.0; IP: ::ffff:127.0.0.1'),(696,3,'Transacción Registrada','Se Creó la Transacción TSC00000263, de $45','2025-02-13 23:29:36','Desde: Firefox 135.0.0; OS: Windows 10.0.0; IP: ::ffff:127.0.0.1'),(697,1,'Transacción Aprobada','Se Aprobó la Transacción TSC00000252 por un Monto de $12345.00','2025-02-14 00:44:44','Desde: Chrome 133.0.0; OS: Windows 10.0.0; IP: ::1'),(698,1,'Transacción Aprobada','Se Aprobó la Transacción TSC00000253 por un Monto de $13456.00','2025-02-14 00:44:45','Desde: Chrome 133.0.0; OS: Windows 10.0.0; IP: ::1'),(699,1,'Transacción Aprobada','Se Aprobó la Transacción TSC00000254 por un Monto de $12345.00','2025-02-14 00:44:46','Desde: Chrome 133.0.0; OS: Windows 10.0.0; IP: ::1'),(700,1,'Transacción Aprobada','Se Aprobó la Transacción TSC00000255 por un Monto de $12000.00','2025-02-14 00:44:47','Desde: Chrome 133.0.0; OS: Windows 10.0.0; IP: ::1'),(701,1,'Transacción Aprobada','Se Aprobó la Transacción TSC00000256 por un Monto de $12453.00','2025-02-14 00:44:47','Desde: Chrome 133.0.0; OS: Windows 10.0.0; IP: ::1'),(702,1,'Transacción Aprobada','Se Aprobó la Transacción TSC00000257 por un Monto de $12356.00','2025-02-14 00:44:48','Desde: Chrome 133.0.0; OS: Windows 10.0.0; IP: ::1'),(703,1,'Transacción Registrada','Se Creó la Transacción TSC00000264, de $15','2025-02-14 01:06:55','Desde: Chrome 133.0.0; OS: Windows 10.0.0; IP: ::1'),(704,1,'Transacción Registrada','Se Creó la Transacción TSC00000265, de $15','2025-02-14 01:13:27','Desde: Chrome 133.0.0; OS: Windows 10.0.0; IP: ::1'),(705,2,'Transacción Registrada','Se Creó la Transacción TSC00000266, de $240','2025-02-14 01:14:19','Desde: Chrome 133.0.0; OS: Windows 10.0.0; IP: ::1'),(706,1,'Transacción Registrada','Se Creó la Transacción TSC00000267, de $123','2025-02-14 01:34:51','Desde: Chrome 133.0.0; OS: Windows 10.0.0; IP: ::1'),(707,1,'Servicio Registrado','Se Registró el Servicio luz1 Para el Colector pruebas','2025-02-14 02:24:15','Desde: Chrome 133.0.0; OS: Windows 10.0.0; IP: ::1'),(708,1,'Servicio Registrado','Se Registró el Servicio Hola Para el Colector pruebas','2025-02-14 02:24:15','Desde: Chrome 133.0.0; OS: Windows 10.0.0; IP: ::1'),(709,1,'Servicio Actualizado','Se Actualizó el Servicio Mensualidad #32 del Colector pruebas','2025-02-14 02:24:30','Desde: Chrome 133.0.0; OS: Windows 10.0.0; IP: ::1'),(710,1,'Inicio de Sesión','Inicio de Sesión Correcto','2025-02-17 09:36:14','Desde: Chrome 133.0.0; OS: Windows 10.0.0; IP: ::1'),(711,1,'Inicio de Sesión','Inicio de Sesión Correcto','2025-02-17 21:11:43','Desde: Chrome 133.0.0; OS: Windows 10.0.0; IP: ::1'),(712,1,'Inicio de Sesión','Inicio de Sesión Correcto','2025-02-18 11:43:38','Desde: Chrome 133.0.0; OS: Windows 10.0.0; IP: ::1'),(713,1,'Transacción Registrada','Se Creó la Transacción TSC00000268, de $12000','2025-02-18 13:10:32','Desde: Chrome 133.0.0; OS: Windows 10.0.0; IP: ::1'),(714,1,'Transacción Aprobada','Se Aprobó la Transacción TSC00000268 por un Monto de $12000.00','2025-02-18 13:37:03','Desde: Other 0.0.0; OS: Other 0.0.0; IP: ::ffff:127.0.0.1'),(715,2,'Inicio de Sesión','Inicio de Sesión Correcto','2025-02-18 15:59:13','Desde: Chrome 133.0.0; OS: Windows 10.0.0; IP: ::1'),(716,1,'Usuario Actualizado','Se Actualizaron los Datos del Usuario Joaquín Reyes','2025-02-18 16:06:48','Desde: Chrome 133.0.0; OS: Windows 10.0.0; IP: ::1'),(717,1,'Inicio de Sesión','Inicio de Sesión Correcto','2025-02-18 21:54:34','Desde: Chrome 133.0.0; OS: Windows 10.0.0; IP: ::1'),(718,2,'Inicio de Sesión','Inicio de Sesión Correcto','2025-02-18 22:26:16','Desde: Chrome 133.0.0; OS: Windows 10.0.0; IP: ::1'),(719,2,'Cierre de Sesión','Cierre de Sesión Correcto','2025-02-18 22:26:33','Desde: Chrome 133.0.0; OS: Windows 10.0.0; IP: ::1'),(720,1,'Inicio de Sesión','Inicio de Sesión Correcto','2025-02-20 16:51:34','Desde: Chrome 133.0.0; OS: Windows 10.0.0; IP: ::1'),(721,1,'Transacción Registrada','Se Creó la Transacción TSC00000269, de $12500','2025-02-20 16:54:15','Desde: Chrome 133.0.0; OS: Windows 10.0.0; IP: ::1'),(722,1,'Transacción Registrada','Se Creó la Transacción TSC00000270, de $13789','2025-02-20 16:54:29','Desde: Chrome 133.0.0; OS: Windows 10.0.0; IP: ::1'),(723,1,'Transacción Registrada','Se Creó la Transacción TSC00000271, de $12357','2025-02-20 16:54:54','Desde: Chrome 133.0.0; OS: Windows 10.0.0; IP: ::1'),(724,1,'Transacción Registrada','Se Creó la Transacción TSC00000272, de $12578','2025-02-20 16:55:12','Desde: Chrome 133.0.0; OS: Windows 10.0.0; IP: ::1'),(725,1,'Transacción Aprobada','Se Aprobó la Transacción TSC00000269 por un Monto de $12500.00','2025-02-20 16:55:22','Desde: Chrome 133.0.0; OS: Windows 10.0.0; IP: ::1'),(726,1,'Transacción Registrada','Se Creó la Transacción TSC00000273, de $20','2025-02-20 16:56:08','Desde: Chrome 133.0.0; OS: Windows 10.0.0; IP: ::1'),(727,1,'Transacción Registrada','Se Creó la Transacción TSC00000274, de $12','2025-02-20 16:56:28','Desde: Chrome 133.0.0; OS: Windows 10.0.0; IP: ::1'),(728,1,'Transacción Registrada','Se Creó la Transacción TSC00000275, de $8','2025-02-20 16:56:41','Desde: Chrome 133.0.0; OS: Windows 10.0.0; IP: ::1'),(729,1,'Transacción Registrada','Se Creó la Transacción TSC00000276, de $45','2025-02-20 16:57:09','Desde: Chrome 133.0.0; OS: Windows 10.0.0; IP: ::1'),(730,1,'Transacción Registrada','Se Creó la Transacción TSC00000277, de $10','2025-02-20 16:57:36','Desde: Chrome 133.0.0; OS: Windows 10.0.0; IP: ::1'),(731,1,'Pago a Colector Realizado','Pago de $65.00 Realizado a UTEC por Mensualidad UTEC','2025-02-20 16:58:21','Desde: Chrome 133.0.0; OS: Windows 10.0.0; IP: ::1'),(732,1,'Transacción Registrada','Se Creó la Transacción TSC00000278, de $720','2025-02-20 16:58:44','Desde: Chrome 133.0.0; OS: Windows 10.0.0; IP: ::1'),(733,1,'Transacción Registrada','Se Creó la Transacción TSC00000279, de $1020','2025-02-20 16:59:15','Desde: Chrome 133.0.0; OS: Windows 10.0.0; IP: ::1'),(734,1,'Pago a Colector Realizado','Pago de $60.00 Realizado a UPED por Mensualidad UPED','2025-02-20 17:00:01','Desde: Chrome 133.0.0; OS: Windows 10.0.0; IP: ::1'),(735,1,'Pago a Colector Realizado','Pago de $60.00 Realizado a UPED por Mensualidad UPED','2025-02-20 17:00:02','Desde: Chrome 133.0.0; OS: Windows 10.0.0; IP: ::1'),(736,1,'Pago a Colector Realizado','Pago de $60.00 Realizado a UNAB por Mensualidad UNAB','2025-02-20 17:00:27','Desde: Chrome 133.0.0; OS: Windows 10.0.0; IP: ::1'),(737,1,'Pago a Colector Realizado','Pago de $32.99 Realizado a TIGO por Internet Residencial de 150MB','2025-02-20 17:00:46','Desde: Chrome 133.0.0; OS: Windows 10.0.0; IP: ::1'),(738,1,'Transacción Rechazada','Se Rechazó la Transacción TSC00000271 por un Monto de $12357.00','2025-02-20 17:01:43','Desde: Chrome 133.0.0; OS: Windows 10.0.0; IP: ::1'),(739,1,'Transacción Rechazada','Se Rechazó la Transacción TSC00000272 por un Monto de $12578.00','2025-02-20 17:01:48','Desde: Chrome 133.0.0; OS: Windows 10.0.0; IP: ::1'),(740,1,'Transacción Rechazada','Se Rechazó la Transacción TSC00000270 por un Monto de $13789.00','2025-02-20 17:01:50','Desde: Chrome 133.0.0; OS: Windows 10.0.0; IP: ::1'),(741,1,'Transacción Registrada','Se Creó la Transacción TSC00000280, de $12345','2025-02-20 17:02:10','Desde: Chrome 133.0.0; OS: Windows 10.0.0; IP: ::1'),(742,1,'Transacción Rechazada','Se Rechazó la Transacción TSC00000280 por un Monto de $12345.00','2025-02-20 17:02:29','Desde: Chrome 133.0.0; OS: Windows 10.0.0; IP: ::1'),(743,1,'Transacción Registrada','Se Creó la Transacción TSC00000281, de $123','2025-02-20 17:02:30','Desde: Chrome 133.0.0; OS: Windows 10.0.0; IP: ::1'),(744,1,'Transacción Registrada','Se Creó la Transacción TSC00000282, de $120','2025-02-20 17:02:47','Desde: Chrome 133.0.0; OS: Windows 10.0.0; IP: ::1'),(745,1,'Transacción Registrada','Se Creó la Transacción TSC00000283, de $12346','2025-02-20 17:03:02','Desde: Chrome 133.0.0; OS: Windows 10.0.0; IP: ::1'),(746,1,'Transacción Rechazada','Se Rechazó la Transacción TSC00000283 por un Monto de $12346.00','2025-02-20 17:03:06','Desde: Chrome 133.0.0; OS: Windows 10.0.0; IP: ::1'),(747,1,'Transacción Registrada','Se Creó la Transacción TSC00000284, de $125','2025-02-20 17:03:31','Desde: Chrome 133.0.0; OS: Windows 10.0.0; IP: ::1'),(748,1,'Transacción Registrada','Se Creó la Transacción TSC00000285, de $12578','2025-02-20 17:04:00','Desde: Chrome 133.0.0; OS: Windows 10.0.0; IP: ::1'),(749,1,'Transacción Registrada','Se Creó la Transacción TSC00000286, de $15690','2025-02-20 17:04:15','Desde: Chrome 133.0.0; OS: Windows 10.0.0; IP: ::1'),(750,1,'Colector Eliminado','Se Eliminó Tanto al Colector pruebas Como a sus Servicios','2025-02-20 17:04:31','Desde: Chrome 133.0.0; OS: Windows 10.0.0; IP: ::1'),(751,1,'Transacción Registrada','Se Creó la Transacción TSC00000287, de $15420','2025-02-20 17:05:06','Desde: Chrome 133.0.0; OS: Windows 10.0.0; IP: ::1'),(752,1,'Transacción Aprobada','Se Aprobó la Transacción TSC00000285 por un Monto de $12578.00','2025-02-20 17:21:30','Desde: Chrome 133.0.0; OS: Windows 10.0.0; IP: ::1'),(753,1,'Transacción Rechazada','Se Rechazó la Transacción TSC00000286 por un Monto de $15690.00','2025-02-20 17:21:32','Desde: Chrome 133.0.0; OS: Windows 10.0.0; IP: ::1'),(754,1,'Transacción Aprobada','Se Aprobó la Transacción TSC00000287 por un Monto de $15420.00','2025-02-20 17:21:33','Desde: Chrome 133.0.0; OS: Windows 10.0.0; IP: ::1'),(755,1,'Transacción Registrada','Se Creó la Transacción TSC00000288, de $700','2025-02-20 17:21:52','Desde: Chrome 133.0.0; OS: Windows 10.0.0; IP: ::1'),(756,1,'Transacción Registrada','Se Creó la Transacción TSC00000289, de $12345','2025-02-20 17:22:17','Desde: Chrome 133.0.0; OS: Windows 10.0.0; IP: ::1'),(757,1,'Transacción Aprobada','Se Aprobó la Transacción TSC00000289 por un Monto de $12345.00','2025-02-20 17:22:34','Desde: Chrome 133.0.0; OS: Windows 10.0.0; IP: ::1'),(758,1,'Transacción Registrada','Se Creó la Transacción TSC00000290, de $11789','2025-02-20 17:22:55','Desde: Chrome 133.0.0; OS: Windows 10.0.0; IP: ::1'),(759,1,'Transacción Registrada','Se Creó la Transacción TSC00000291, de $12345','2025-02-20 17:23:09','Desde: Chrome 133.0.0; OS: Windows 10.0.0; IP: ::1'),(760,1,'Transacción Registrada','Se Creó la Transacción TSC00000292, de $10900','2025-02-20 17:23:28','Desde: Chrome 133.0.0; OS: Windows 10.0.0; IP: ::1'),(761,1,'Inicio de Sesión','Inicio de Sesión Correcto','2025-02-20 19:54:20','Desde: Chrome 133.0.0; OS: Windows 10.0.0; IP: ::1'),(762,1,'Pago a Colector Realizado','Pago de $20.50 Realizado a TIGO por Internet Residencial de 150MB','2025-02-20 20:11:12','Desde: Chrome 133.0.0; OS: Windows 10.0.0; IP: ::1'),(763,1,'Pago a Colector Realizado','Pago de $10 Realizado a CAESS por Luz Eléctrica','2025-02-20 20:11:32','Desde: Chrome 133.0.0; OS: Windows 10.0.0; IP: ::1'),(764,1,'Cierre de Sesión','Cierre de Sesión Correcto','2025-02-20 20:19:03','Desde: Chrome 133.0.0; OS: Windows 10.0.0; IP: ::1'),(765,1,'Inicio de Sesión','Inicio de Sesión Correcto','2025-02-21 12:12:55','Desde: Chrome 133.0.0; OS: Windows 10.0.0; IP: ::1'),(766,2,'Inicio de Sesión','Inicio de Sesión Correcto','2025-02-21 12:13:50','Desde: Chrome 133.0.0; OS: Windows 10.0.0; IP: ::1'),(767,2,'Transacción Registrada','Se Creó la Transacción TSC00000293, de $12345','2025-02-21 12:17:21','Desde: Chrome 133.0.0; OS: Windows 10.0.0; IP: ::1'),(768,1,'Transacción Aprobada','Se Aprobó la Transacción 293 por un Monto de $12345.00','2025-02-21 12:17:21','Desde: Chrome 133.0.0; OS: Windows 10.0.0; IP: ::1'),(769,1,'Transacción Aprobada','Se Aprobó la Transacción 293 por un Monto de $12345.00','2025-02-21 12:17:52','Desde: Chrome 133.0.0; OS: Windows 10.0.0; IP: ::1'),(770,1,'Transacción Aprobada','Se Aprobó la Transacción 293 por un Monto de $12345.00','2025-02-21 12:22:01','Desde: Chrome 133.0.0; OS: Windows 10.0.0; IP: ::1'),(771,1,'Cierre de Sesión','Cierre de Sesión Correcto','2025-02-21 13:03:28','Desde: Chrome 133.0.0; OS: Windows 10.0.0; IP: ::1'),(772,1,'Inicio de Sesión','Inicio de Sesión Correcto','2025-02-22 11:53:37','Desde: Chrome 133.0.0; OS: Windows 10.0.0; IP: ::1'),(773,1,'Inicio de Sesión','Inicio de Sesión Correcto','2025-02-23 18:50:59','Desde: Chrome 133.0.0; OS: Windows 10.0.0; IP: ::1'),(774,1,'Inicio de Sesión','Inicio de Sesión Correcto','2025-02-24 11:15:06','Desde: Chrome 133.0.0; OS: Windows 10.0.0; IP: ::1'),(775,1,'Cierre de Sesión','Cierre de Sesión Correcto','2025-02-24 11:23:12','Desde: Chrome 133.0.0; OS: Windows 10.0.0; IP: ::1'),(776,1,'Inicio de Sesión','Inicio de Sesión Correcto','2025-02-24 11:23:57','Desde: Chrome 133.0.0; OS: Windows 10.0.0; IP: ::1'),(777,1,'Inicio de Sesión','Inicio de Sesión Correcto','2025-02-24 11:49:47','Desde: Chrome 133.0.0; OS: Windows 10.0.0; IP: ::1'),(778,1,'Inicio de Sesión','Inicio de Sesión Correcto','2025-02-26 11:13:04','Desde: Chrome 133.0.0; OS: Windows 10.0.0; IP: ::1'),(779,1,'Servicio Actualizado','Se Actualizó el Servicio Mensualidad uu del Colector Del Sur','2025-02-26 11:17:11','Desde: Chrome 133.0.0; OS: Windows 10.0.0; IP: ::1'),(780,1,'Cliente Actualizado','Se Actualizaron los Datos del Cliente con Número de Identidad ********-*','2025-02-26 11:17:33','Desde: Chrome 133.0.0; OS: Windows 10.0.0; IP: ::1'),(781,1,'Pago a Colector Realizado','Pago de $24.99 Realizado a CLARO por Telefonía Fija','2025-02-26 12:28:26','Desde: Chrome 133.0.0; OS: Windows 10.0.0; IP: ::1'),(782,1,'Servicio Actualizado','Se Actualizó el Servicio Luz Eléctricaas del Colector CLESA','2025-02-26 12:34:35','Desde: Chrome 133.0.0; OS: Windows 10.0.0; IP: ::1'),(783,1,'Servicio Actualizado','Se Actualizó el Servicio Luz Eléctrica del Colector CLESA','2025-02-26 12:34:43','Desde: Chrome 133.0.0; OS: Windows 10.0.0; IP: ::1'),(784,1,'Servicio Actualizado','Se Actualizó el Servicio Internet Residencial de 15 MB del Colector CLARO','2025-02-26 12:36:41','Desde: Chrome 133.0.0; OS: Windows 10.0.0; IP: ::1'),(785,1,'Servicio Actualizado','Se Actualizó el Servicio Internet Residencial del Colector CLARO','2025-02-26 12:38:21','Desde: Chrome 133.0.0; OS: Windows 10.0.0; IP: ::1'),(786,1,'Cierre de Sesión','Cierre de Sesión Correcto','2025-02-26 14:50:23','Desde: Chrome 133.0.0; OS: Windows 10.0.0; IP: ::1'),(787,1,'Cierre de Sesión','Cierre de Sesión Correcto','2025-02-26 14:50:25','Desde: Chrome 133.0.0; OS: Windows 10.0.0; IP: ::1'),(788,1,'Cierre de Sesión','Cierre de Sesión Correcto','2025-02-26 14:50:27','Desde: Chrome 133.0.0; OS: Windows 10.0.0; IP: ::1'),(789,1,'Cierre de Sesión','Cierre de Sesión Correcto','2025-02-26 14:51:12','Desde: Chrome 133.0.0; OS: Windows 10.0.0; IP: ::1'),(790,1,'Inicio de Sesión','Inicio de Sesión Correcto','2025-02-26 14:52:52','Desde: Chrome 133.0.0; OS: Windows 10.0.0; IP: ::1'),(791,1,'Cierre de Sesión','Cierre de Sesión Correcto','2025-02-26 14:53:36','Desde: Chrome 133.0.0; OS: Windows 10.0.0; IP: ::1'),(792,1,'Inicio de Sesión','Inicio de Sesión Correcto','2025-03-04 08:29:07','Desde: Chrome 133.0.0; OS: Windows 10.0.0; IP: ::1'),(793,1,'Cierre de Sesión','Cierre de Sesión Correcto','2025-03-04 09:06:19','Desde: Chrome 133.0.0; OS: Windows 10.0.0; IP: ::1');
/*!40000 ALTER TABLE `audit` ENABLE KEYS */;
UNLOCK TABLES;

--
-- Table structure for table `bill_details`
--

DROP TABLE IF EXISTS `bill_details`;
/*!40101 SET @saved_cs_client     = @@character_set_client */;
/*!50503 SET character_set_client = utf8mb4 */;
CREATE TABLE `bill_details` (
  `id` int NOT NULL AUTO_INCREMENT,
  `bill_id` int NOT NULL,
  `service_id` int NOT NULL,
  `quantity` int NOT NULL,
  `unit_price` decimal(10,2) NOT NULL,
  PRIMARY KEY (`id`),
  KEY `bill_id` (`bill_id`),
  KEY `service_id` (`service_id`),
  CONSTRAINT `bill_details_ibfk_1` FOREIGN KEY (`bill_id`) REFERENCES `bills` (`id`),
  CONSTRAINT `bill_details_ibfk_2` FOREIGN KEY (`service_id`) REFERENCES `services` (`id`)
) ENGINE=InnoDB AUTO_INCREMENT=3 DEFAULT CHARSET=utf8mb4 COLLATE=utf8mb4_0900_ai_ci;
/*!40101 SET character_set_client = @saved_cs_client */;

--
-- Dumping data for table `bill_details`
--

LOCK TABLES `bill_details` WRITE;
/*!40000 ALTER TABLE `bill_details` DISABLE KEYS */;
INSERT INTO `bill_details` VALUES (1,1,1,1,75.00),(2,2,2,2,30.00);
/*!40000 ALTER TABLE `bill_details` ENABLE KEYS */;
UNLOCK TABLES;

--
-- Table structure for table `bills`
--

DROP TABLE IF EXISTS `bills`;
/*!40101 SET @saved_cs_client     = @@character_set_client */;
/*!50503 SET character_set_client = utf8mb4 */;
CREATE TABLE `bills` (
  `id` int NOT NULL AUTO_INCREMENT,
  `bill_id` varchar(255) NOT NULL,
  `transaction_id` int NOT NULL,
  `amount` decimal(10,2) NOT NULL,
  `mail_sent` tinyint(1) NOT NULL,
  `receiver_id` int DEFAULT NULL,
  PRIMARY KEY (`id`),
  KEY `transaction_id` (`transaction_id`),
  CONSTRAINT `bills_ibfk_1` FOREIGN KEY (`transaction_id`) REFERENCES `transactions` (`id`)
) ENGINE=InnoDB AUTO_INCREMENT=3 DEFAULT CHARSET=utf8mb4 COLLATE=utf8mb4_0900_ai_ci;
/*!40101 SET character_set_client = @saved_cs_client */;

--
-- Dumping data for table `bills`
--

LOCK TABLES `bills` WRITE;
/*!40000 ALTER TABLE `bills` DISABLE KEYS */;
INSERT INTO `bills` VALUES (1,'BILL001',1,150.00,1,NULL),(2,'BILL002',2,100.00,0,NULL);
/*!40000 ALTER TABLE `bills` ENABLE KEYS */;
UNLOCK TABLES;

--
-- Table structure for table `collectors`
--

DROP TABLE IF EXISTS `collectors`;
/*!40101 SET @saved_cs_client     = @@character_set_client */;
/*!50503 SET character_set_client = utf8mb4 */;
CREATE TABLE `collectors` (
  `id` int NOT NULL AUTO_INCREMENT,
  `collector_id` varchar(255) NOT NULL,
  `collector` varchar(100) NOT NULL,
  `description` varchar(255) NOT NULL,
  `deleted_at` datetime DEFAULT NULL,
  PRIMARY KEY (`id`)
) ENGINE=InnoDB AUTO_INCREMENT=20 DEFAULT CHARSET=utf8mb4 COLLATE=utf8mb4_0900_ai_ci;
/*!40101 SET character_set_client = @saved_cs_client */;

--
-- Dumping data for table `collectors`
--

LOCK TABLES `collectors` WRITE;
/*!40000 ALTER TABLE `collectors` DISABLE KEYS */;
INSERT INTO `collectors` VALUES (1,'CLT000001','TIGO','Empresa de Telecomunicaciones',NULL),(2,'CLT000002','CLARO','Empresa de Telecomunicaciones',NULL),(3,'CLT000003','CAESS','Empresa de Servicios Eléctricos',NULL),(4,'CLT000004','ANDA','Administración Nacional de Acueductos y Alcantarillados',NULL),(5,'CLT000005','JAPI','Empresa de Telecomunicaciones',NULL),(6,'CLT000006','UTEC','Universidad Tecnológica de El Salvador',NULL),(7,'CLT000007','UES','Universidad Nacional de El Salvador',NULL),(8,'CLT000008','UNAB','Universidad Dr. Andrés Bello',NULL),(9,'CLT000009','UPED','Universidad Pedagógica',NULL),(10,'CLT000010','Movistar','Empresa de Telecomunicaciones',NULL),(11,'CLT000011','Del Sur','Empresa de Servicios Eléctricos',NULL),(12,'CLT000012','aes El Salvador','Empresa de Servicios Eléctricos','2025-02-02 03:14:32'),(13,'CLT000013','CLESA','Empresa de Servicios Eléctricos',NULL),(14,'CLT000014','Cable Color','Empresa de Telecomunicaciones','2025-02-02 03:16:01'),(15,'CLT000015','Cablesat','Empresa de Telecomunicaciones','2025-02-03 18:55:09'),(16,'CLT000016','UFG','Universidad Francisco Gavidia','2025-02-03 18:55:06'),(17,'CLT00000017','Mi Colector Waos','Mi Colector Description waos','2025-02-09 13:33:09'),(18,'CLT00000018','Mi Colector 1','Mi colector tiene descripción 1','2025-02-10 00:13:07'),(19,'CLT00000019','pruebas','pruebas qa ','2025-02-20 17:04:31');
/*!40000 ALTER TABLE `collectors` ENABLE KEYS */;
UNLOCK TABLES;

--
-- Table structure for table `customers`
--

DROP TABLE IF EXISTS `customers`;
/*!40101 SET @saved_cs_client     = @@character_set_client */;
/*!50503 SET character_set_client = utf8mb4 */;
CREATE TABLE `customers` (
  `id` int NOT NULL AUTO_INCREMENT,
  `customer_id` varchar(255) NOT NULL,
  `name` varchar(100) NOT NULL,
  `identity_doc` varchar(20) NOT NULL,
  `email` varchar(255) NOT NULL,
  `deleted_at` datetime DEFAULT NULL,
  PRIMARY KEY (`id`)
) ENGINE=InnoDB AUTO_INCREMENT=31 DEFAULT CHARSET=utf8mb4 COLLATE=utf8mb4_0900_ai_ci;
/*!40101 SET character_set_client = @saved_cs_client */;

--
-- Dumping data for table `customers`
--

LOCK TABLES `customers` WRITE;
/*!40000 ALTER TABLE `customers` DISABLE KEYS */;
INSERT INTO `customers` VALUES (1,'1','David Cruz','00000001-1','david.cruz@example.com',NULL),(2,'2','Ana Gomez','00000002-2','ana.gomez@example.com',NULL),(3,'3','Carlos Ruiz','00000003-3','carlos.ruiz@example.com',NULL),(4,'4','Helena Martínez','00000004-4','helena.martinez@example.com',NULL),(5,'5','Henry Cruz','00000005-5','henry.cruz@example.com',NULL),(6,'6','Laura Sanchez','00000006-6','laura.sanchez@example.com',NULL),(7,'7','Miguel Ramirez','00000007-7','miguel.ramirez@example.com',NULL),(8,'8','Luis Mendez','00000008-8','luis.mendez@example.com',NULL),(9,'9','Carmen Morales','00000009-9','carmen.morales@example.com',NULL),(10,'10','Rosa López','00000010-0','rosa.lopez@example.com',NULL),(11,'11','Ricardo Torres','00000011-1','ricardo.torres@example.com',NULL),(12,'12','Patricia Diaz','00000012-2','patricia.diaz@example.com',NULL),(13,'13','Alejandro Castillo','00000013-3','alejandro.castillo@example.com',NULL),(14,'14','Gabriela Herrera','00000014-4','gabriela.herrera@example.com',NULL),(15,'15','Andres Morales','00000015-5','andres.morales@example.com',NULL),(16,'16','Juliana Paredes','00000016-6','juliana.paredes@example.com',NULL),(17,'17','Oscar Vega','00000017-7','oscar.vega@example.com',NULL),(18,'18','Gloria Jimenez','00000018-8','gloria.jimenez@example.com',NULL),(19,'19','Enrique Navarro','00000019-9','enrique.navarro@example.com',NULL),(20,'20','Marta Ortega','00000020-0','marta.ortega@example.com',NULL),(21,'21','Pablo Castillo','00000021-1','pablo.castillo@example.com',NULL),(22,'22','Sofia Medina','00000022-2','sofia.medina@example.com',NULL),(23,'23','Juan Perez','00000023-3','juan.perez@example.com',NULL),(24,'24','Isabel Rios','00000024-4','isabel.rios@example.com',NULL),(25,'25','Fernando Nunez','00000025-5','fernando.nunez@example.com',NULL),(26,'26','Marina Silva','00000026-6','marina.silva@example.com',NULL),(27,'27','Victor Delgado','00000027-7','victor.delgado@example.com',NULL),(28,'28','Monica Leon','00000028-8','monica.leon@example.com','2025-02-13 17:46:02'),(29,'29','Francisco Rivera','00000029-9','francisco.rivera@example.com','2025-02-09 23:50:41'),(30,'30','Adriana Suarez','000000030-0','adriana.suarez@example.com','2025-02-02 01:20:38');
/*!40000 ALTER TABLE `customers` ENABLE KEYS */;
UNLOCK TABLES;

--
-- Table structure for table `denominations`
--

DROP TABLE IF EXISTS `denominations`;
/*!40101 SET @saved_cs_client     = @@character_set_client */;
/*!50503 SET character_set_client = utf8mb4 */;
CREATE TABLE `denominations` (
  `id` int NOT NULL AUTO_INCREMENT,
  `denomination_id` varchar(255) NOT NULL,
  `value` decimal(10,2) NOT NULL,
  `type` varchar(50) NOT NULL,
  PRIMARY KEY (`id`)
) ENGINE=InnoDB AUTO_INCREMENT=4 DEFAULT CHARSET=utf8mb4 COLLATE=utf8mb4_0900_ai_ci;
/*!40101 SET character_set_client = @saved_cs_client */;

--
-- Dumping data for table `denominations`
--

LOCK TABLES `denominations` WRITE;
/*!40000 ALTER TABLE `denominations` DISABLE KEYS */;
INSERT INTO `denominations` VALUES (1,'D001',100.00,'Bill'),(2,'D002',50.00,'Bill'),(3,'D003',10.00,'Coin');
/*!40000 ALTER TABLE `denominations` ENABLE KEYS */;
UNLOCK TABLES;

--
-- Table structure for table `payments_collectors`
--

DROP TABLE IF EXISTS `payments_collectors`;
/*!40101 SET @saved_cs_client     = @@character_set_client */;
/*!50503 SET character_set_client = utf8mb4 */;
CREATE TABLE `payments_collectors` (
  `id` int NOT NULL AUTO_INCREMENT,
  `payment_id` varchar(255) NOT NULL,
  `customer_id` int NOT NULL,
  `collector_id` int NOT NULL,
  `service_id` varchar(45) NOT NULL,
  `amount` decimal(10,2) NOT NULL,
  `registered_by` int DEFAULT NULL,
  `date_hour` datetime NOT NULL,
  PRIMARY KEY (`id`),
  KEY `customer_id` (`customer_id`),
  KEY `collector_id` (`collector_id`),
  KEY `service_id` (`service_id`),
  KEY `payments_collectors_ibfk_3_idx` (`registered_by`),
  CONSTRAINT `payments_collectors_ibfk_1` FOREIGN KEY (`customer_id`) REFERENCES `customers` (`id`),
  CONSTRAINT `payments_collectors_ibfk_2` FOREIGN KEY (`collector_id`) REFERENCES `collectors` (`id`),
  CONSTRAINT `payments_collectors_ibfk_3` FOREIGN KEY (`registered_by`) REFERENCES `users` (`id`)
) ENGINE=InnoDB AUTO_INCREMENT=230 DEFAULT CHARSET=utf8mb4 COLLATE=utf8mb4_0900_ai_ci;
/*!40101 SET character_set_client = @saved_cs_client */;

--
-- Dumping data for table `payments_collectors`
--

LOCK TABLES `payments_collectors` WRITE;
/*!40000 ALTER TABLE `payments_collectors` DISABLE KEYS */;
INSERT INTO `payments_collectors` VALUES (1,'PAY000001',2,1,'1',15.00,1,'2025-01-17 20:31:55'),(2,'PAY000002',2,2,'2',34.00,1,'2025-01-17 21:53:39'),(3,'PAY000003',2,10,'10',35.00,2,'2025-01-18 03:42:42'),(4,'PAY000004',1,10,'10',45.00,2,'2025-01-18 03:43:02'),(5,'PAY000005',3,4,'4',15.00,2,'2025-01-18 12:09:40'),(6,'PAY000006',4,4,'4',34.00,2,'2025-01-18 12:09:57'),(7,'PAY000007',21,3,'3',27.00,2,'2025-01-18 12:10:21'),(8,'PAY000008',1,4,'4',13.00,2,'2025-01-18 18:30:57'),(9,'PAY000009',1,10,'10',35.00,2,'2025-01-18 18:39:25'),(10,'PAY000010',1,4,'4',15.00,2,'2025-01-18 21:23:41'),(11,'PAY000011',1,4,'4',25.00,1,'2025-01-18 22:08:33'),(12,'PAY000012',1,2,'2',35.00,2,'2025-01-20 11:49:28'),(13,'PAY000013',1,3,'3',24.00,1,'2025-01-20 11:51:56'),(14,'PAY000014',1,4,'4',12.00,1,'2025-01-20 12:20:49'),(15,'PAY000015',1,1,'1',25.00,1,'2025-01-20 12:22:16'),(16,'PAY000016',1,1,'1',50.00,1,'2025-01-20 21:56:33'),(17,'PAY000017',1,4,'4',35.00,2,'2025-01-20 21:57:12'),(18,'PAY000018',1,3,'3',31.00,2,'2025-01-20 21:58:22'),(19,'PAY000019',1,4,'4',5.00,2,'2025-01-21 11:42:06'),(20,'PAY000020',3,3,'3',5.00,1,'2025-01-21 11:46:20'),(21,'PAY000021',13,11,'11',5.00,1,'2025-01-21 11:48:22'),(22,'PAY000022',1,4,'4',7.00,2,'2025-01-21 12:08:25'),(23,'PAY000023',15,1,'1',5.00,2,'2025-01-21 12:56:18'),(24,'PAY000024',6,5,'5',20.00,1,'2025-01-21 12:57:05'),(25,'PAY000025',4,11,'11',45.00,2,'2025-01-21 13:12:00'),(26,'PAY000026',15,10,'10',20.00,1,'2025-01-21 13:58:19'),(27,'PAY000027',14,11,'11',45.00,1,'2025-01-21 13:58:59'),(28,'PAY000028',4,4,'4',21.00,1,'2025-01-21 14:01:09'),(29,'PAY000029',1,6,'6',6.00,1,'2025-01-21 16:06:07'),(30,'PAY000030',1,6,'6',6.00,2,'2025-01-21 16:06:54'),(31,'PAY000031',1,6,'6',6.00,2,'2025-01-21 16:40:57'),(32,'PAY000032',1,6,'6',6.00,2,'2025-01-21 16:42:25'),(33,'PAY000033',1,6,'6',6.00,2,'2025-01-21 16:43:00'),(34,'PAY000034',25,6,'6',65.00,2,'2025-01-21 16:45:57'),(35,'PAY000035',26,6,'6',65.00,2,'2025-01-21 16:46:33'),(36,'PAY000036',30,3,'3',200.00,1,'2025-01-21 16:50:56'),(37,'PAY000037',13,2,'2',50.00,1,'2025-01-22 12:20:56'),(38,'PAY000038',13,2,'2',50.00,1,'2025-01-22 12:20:56'),(39,'PAY000039',17,9,'9',45.00,1,'2025-01-22 12:22:03'),(40,'PAY000040',17,9,'9',45.00,1,'2025-01-22 12:22:03'),(41,'PAY000041',27,10,'10',45.00,1,'2025-01-22 12:29:29'),(42,'PAY000042',27,10,'10',45.00,2,'2025-01-22 12:29:29'),(43,'PAY000043',11,8,'8',60.00,2,'2025-01-22 12:38:43'),(44,'PAY000044',11,8,'8',60.00,1,'2025-01-22 12:38:43'),(45,'PAY000045',6,2,'2',35.00,2,'2025-01-22 12:58:17'),(46,'PAY000046',6,2,'2',35.00,1,'2025-01-22 12:58:17'),(47,'PAY000047',18,5,'5',34.00,1,'2025-01-22 13:02:00'),(48,'PAY000048',18,3,'3',33.00,1,'2025-01-22 13:03:00'),(49,'PAY000049',8,10,'10',22.00,2,'2025-01-22 13:03:43'),(50,'PAY000050',2,2,'2',22.00,2,'2025-01-22 13:05:06'),(51,'PAY000051',30,1,'1',15.00,1,'2025-01-22 13:05:32'),(52,'PAY000052',19,3,'3',23.00,2,'2025-01-22 13:09:33'),(53,'PAY000053',15,3,'3',22.00,1,'2025-01-22 13:20:47'),(54,'PAY000054',2,3,'3',16.00,2,'2025-01-22 13:21:16'),(55,'PAY000055',13,2,'2',44.00,1,'2025-01-22 14:47:37'),(56,'PAY000056',13,3,'3',33.00,2,'2025-01-22 16:13:04'),(57,'PAY000057',24,11,'11',23.00,2,'2025-01-22 16:13:28'),(58,'PAY000058',13,5,'5',12.00,2,'2025-01-22 16:17:46'),(59,'PAY000059',13,7,'7',20.00,1,'2025-01-22 16:21:17'),(60,'PAY000060',5,3,'3',12.00,1,'2025-01-22 16:22:52'),(61,'PAY000061',17,6,'6',65.00,1,'2025-01-22 16:23:25'),(62,'PAY000062',2,4,'4',10.00,1,'2025-01-22 16:29:47'),(63,'PAY000063',30,4,'4',12.00,1,'2025-01-22 16:33:14'),(64,'PAY000064',23,4,'4',12.00,1,'2025-01-22 16:35:30'),(65,'PAY000065',2,9,'9',60.00,1,'2025-01-22 16:58:09'),(66,'PAY000066',16,2,'2',12.00,1,'2025-01-22 16:58:48'),(67,'PAY000067',6,2,'2',25.00,2,'2025-01-22 17:00:45'),(68,'PAY000068',1,3,'3',12.00,2,'2025-01-22 17:08:06'),(69,'PAY000069',18,2,'2',12.00,2,'2025-01-22 17:15:28'),(70,'PAY000070',18,2,'2',12.00,2,'2025-01-22 17:15:29'),(71,'PAY000071',19,9,'9',60.00,2,'2025-01-22 17:17:02'),(72,'PAY000072',19,9,'9',60.00,2,'2025-01-22 17:17:02'),(73,'PAY000073',26,2,'2',12.00,2,'2025-01-22 17:36:58'),(74,'PAY000074',26,2,'2',12.00,2,'2025-01-22 17:36:58'),(75,'PAY000075',14,4,'4',12.00,2,'2025-01-22 17:37:36'),(76,'PAY000076',14,4,'4',12.00,2,'2025-01-22 17:37:36'),(77,'PAY000077',16,11,'11',14.00,2,'2025-01-22 17:42:52'),(78,'PAY000078',16,11,'11',14.00,2,'2025-01-22 17:42:52'),(79,'PAY000079',2,8,'8',23.00,2,'2025-01-22 17:43:22'),(80,'PAY000080',2,8,'8',23.00,2,'2025-01-22 17:43:22'),(81,'PAY000081',15,2,'2',15.00,2,'2025-01-22 17:43:53'),(82,'PAY000082',15,2,'2',15.00,2,'2025-01-22 17:43:53'),(83,'PAY000083',13,2,'2',24.00,2,'2025-01-22 17:45:24'),(84,'PAY000084',13,2,'2',24.00,2,'2025-01-22 17:45:24'),(85,'PAY000085',26,11,'11',11.00,2,'2025-01-22 17:47:19'),(86,'PAY000086',23,5,'5',12.00,2,'2025-01-22 17:47:39'),(87,'PAY000087',13,3,'3',12.00,2,'2025-01-22 17:50:45'),(88,'PAY000088',2,5,'5',22.00,2,'2025-01-22 17:51:16'),(89,'PAY000089',13,2,'2',12.00,2,'2025-01-22 18:02:50'),(90,'PAY000090',5,11,'11',22.00,2,'2025-01-22 18:03:31'),(91,'PAY000091',5,10,'10',20.00,2,'2025-01-22 18:05:43'),(92,'PAY000092',6,7,'7',25.00,2,'2025-01-22 18:12:47'),(93,'PAY000093',26,8,'8',60.00,2,'2025-01-22 18:23:59'),(94,'PAY000094',30,9,'9',62.00,2,'2025-01-22 18:26:22'),(95,'PAY000095',28,1,'1',22.00,2,'2025-01-22 18:32:11'),(96,'PAY000096',30,3,'3',23.00,2,'2025-01-22 18:56:24'),(97,'PAY000097',30,3,'3',23.00,2,'2025-01-22 18:56:26'),(98,'PAY000098',30,3,'3',23.00,2,'2025-01-22 18:56:31'),(99,'PAY000099',13,3,'3',21.00,2,'2025-01-22 18:59:15'),(100,'PAY000100',13,3,'3',21.00,2,'2025-01-22 18:59:20'),(101,'PAY000101',13,3,'3',21.00,2,'2025-01-22 19:03:05'),(102,'PAY000102',4,2,'2',25.00,2,'2025-01-22 19:04:52'),(103,'PAY000103',29,4,'4',12.00,2,'2025-01-22 19:05:26'),(104,'PAY000104',7,1,'1',27.99,1,'2025-01-22 19:05:45'),(105,'PAY000105',24,8,'8',60.00,1,'2025-01-22 19:06:01'),(106,'PAY000106',24,8,'8',60.00,1,'2025-01-22 19:06:04'),(107,'PAY000107',24,8,'8',60.00,1,'2025-01-22 19:06:09'),(108,'PAY000108',24,1,'1',22.50,1,'2025-01-22 19:06:28'),(109,'PAY000109',2,3,'3',12.00,1,'2025-01-22 22:02:31'),(110,'PAY000110',9,1,'1',24.00,1,'2025-01-22 22:04:27'),(111,'PAY000111',23,10,'10',34.00,1,'2025-01-22 22:05:02'),(112,'PAY000112',14,3,'3',12.00,1,'2025-01-22 22:18:02'),(113,'PAY000113',14,3,'3',12.00,2,'2025-01-22 22:18:02'),(114,'PAY000114',8,8,'8',60.00,2,'2025-01-22 22:33:43'),(115,'PAY000115',8,8,'8',60.00,1,'2025-01-22 22:33:43'),(116,'PAY000116',16,4,'4',12.00,1,'2025-01-22 22:46:06'),(117,'PAY000117',16,4,'4',12.00,1,'2025-01-22 22:46:06'),(118,'PAY000118',4,4,'4',11.00,1,'2025-01-23 12:03:41'),(119,'PAY000119',4,4,'4',11.00,1,'2025-01-23 12:03:41'),(120,'PAY000120',5,3,'3',12.00,1,'2025-01-23 12:11:09'),(121,'PAY000121',13,3,'3',12.00,1,'2025-01-23 12:22:46'),(122,'PAY000122',2,2,'2',32.00,1,'2025-01-23 13:00:07'),(123,'PAY000123',29,11,'11',16.00,1,'2025-01-23 13:00:39'),(124,'PAY000124',13,3,'3',12.00,1,'2025-01-23 13:02:41'),(125,'PAY000125',2,4,'4',12.00,1,'2025-01-23 13:37:20'),(126,'PAY000126',2,2,'2',21.99,1,'2025-01-23 14:27:29'),(127,'PAY000127',5,10,'10',25.00,1,'2025-01-23 14:28:19'),(128,'PAY000128',1,1,'1',28.00,1,'2025-01-30 23:52:50'),(129,'PAY000129',1,2,'2',15.00,1,'2025-01-31 00:01:32'),(130,'PAY000130',1,3,'3',12.00,1,'2025-01-31 00:04:06'),(131,'PAY000131',1,1,'1',28.00,1,'2025-01-31 00:10:02'),(132,'PAY000132',1,6,'6',65.00,1,'2025-01-31 00:10:51'),(133,'PAY000133',1,7,'7',20.00,1,'2025-01-31 00:11:51'),(134,'PAY000134',1,3,'3',12.00,1,'2025-01-31 00:13:48'),(135,'PAY000135',2,1,'1',25.00,2,'2025-01-31 00:22:26'),(136,'PAY000136',18,11,'11',13.00,1,'2025-01-31 00:26:35'),(137,'PAY000137',9,2,'2',22.00,2,'2025-01-31 00:34:14'),(138,'PAY000138',3,11,'11',14.00,2,'2025-01-31 00:45:06'),(139,'PAY000139',19,2,'2',23.00,1,'2025-01-31 00:47:38'),(140,'PAY000140',29,2,'2',34.00,2,'2025-01-31 00:50:19'),(141,'PAY000141',5,1,'1',22.00,1,'2025-01-31 00:59:01'),(142,'PAY000142',9,11,'11',15.00,1,'2025-01-31 01:01:15'),(143,'PAY000143',8,3,'3',14.00,1,'2025-01-31 01:05:16'),(144,'PAY000144',26,1,'1',45.00,2,'2025-01-31 01:13:27'),(145,'PAY000145',9,5,'5',23.00,2,'2025-01-31 01:23:49'),(146,'PAY000146',5,11,'11',23.00,2,'2025-01-31 01:26:25'),(147,'PAY000147',6,1,'1',25.00,2,'2025-01-31 01:27:48'),(148,'PAY000148',15,11,'11',14.50,2,'2025-01-31 11:13:20'),(149,'PAY000149',19,8,'8',60.00,2,'2025-01-31 11:24:07'),(150,'PAY000150',18,1,'12',26.00,1,'2025-02-01 00:05:51'),(151,'PAY000151',3,1,'1',25.00,1,'2025-02-02 01:26:59'),(152,'PAY000152',22,1,'1',25.00,1,'2025-02-02 01:28:16'),(153,'PAY000153',22,1,'1',25.00,1,'2025-02-02 01:31:04'),(154,'PAY000154',22,1,'1',25.00,1,'2025-02-02 01:31:47'),(155,'PAY000155',26,12,'13',20.00,1,'2025-02-02 01:34:17'),(156,'PAY000156',5,4,'4',15.00,1,'2025-02-02 01:39:41'),(157,'PAY000157',10,7,'7',20.00,1,'2025-02-02 01:40:05'),(158,'PAY000158',12,6,'6',65.00,1,'2025-02-02 01:48:32'),(159,'PAY000159',17,11,'11',15.00,1,'2025-02-02 01:49:04'),(160,'PAY000160',28,1,'16',42.00,1,'2025-02-02 19:36:26'),(161,'PAY000161',20,1,'12',22.00,1,'2025-02-02 19:43:20'),(162,'PAY000162',7,11,'11',15.00,1,'2025-02-03 18:42:07'),(163,'PAY000163',15,1,'12',5.99,1,'2025-02-07 19:22:46'),(164,'PAY000164',5,1,'12',5.99,1,'2025-02-07 19:23:53'),(165,'PAY000165',29,1,'12',5.99,1,'2025-02-07 19:24:53'),(166,'PAY000166',1,1,'1',27.99,1,'2025-02-08 12:25:23'),(167,'PAY000167',1,1,'12',5.99,1,'2025-02-08 12:28:21'),(168,'PAY000168',6,4,'4',10.00,1,'2025-02-08 15:52:30'),(169,'PAY000169',5,10,'10',24.99,1,'2025-02-08 16:04:44'),(170,'PAY000170',12,1,'16',32.99,1,'2025-02-08 16:06:28'),(171,'PAY000171',7,10,'10',24.99,1,'2025-02-08 16:08:10'),(172,'PAY000172',24,1,'1',27.99,1,'2025-02-08 16:15:46'),(173,'PAY000173',26,5,'5',33.45,1,'2025-02-08 16:16:16'),(174,'PAY000174',21,10,'10',24.99,1,'2025-02-08 16:16:31'),(175,'PAY000175',20,7,'7',20.00,1,'2025-02-08 16:24:51'),(176,'PAY000176',14,11,'11',25.00,1,'2025-02-08 17:12:56'),(177,'PAY000177',8,2,'2',23.99,1,'2025-02-08 17:33:48'),(178,'PAY000178',6,13,'14',12.00,1,'2025-02-08 17:34:44'),(179,'PAY000179',20,7,'7',20.00,1,'2025-02-08 17:35:34'),(180,'PAY000180',23,1,'1',27.99,1,'2025-02-08 17:36:32'),(181,'PAY000181',26,11,'11',10.00,1,'2025-02-08 17:46:30'),(182,'PAY000182',26,10,'10',24.99,1,'2025-02-08 17:52:08'),(183,'PAY000183',6,10,'10',24.99,1,'2025-02-08 19:38:17'),(184,'PAY000184',21,7,'7',20.00,1,'2025-02-08 19:38:44'),(185,'PAY000185',5,10,'10',24.99,1,'2025-02-08 19:40:04'),(186,'PAY000186',26,1,'1',27.99,1,'2025-02-08 19:40:44'),(187,'PAY000187',17,11,'11',10.00,1,'2025-02-08 19:41:04'),(188,'PAY00000188',13,10,'10',24.99,NULL,'2025-02-09 13:00:02'),(189,'PAY00000189',23,7,'7',20.00,NULL,'2025-02-09 13:01:23'),(190,'PAY00000190',17,5,'5',33.45,NULL,'2025-02-09 13:02:28'),(191,'PAY00000191',20,7,'7',20.00,2,'2025-02-09 13:04:45'),(192,'PAY00000192',16,10,'10',24.99,1,'2025-02-09 13:32:58'),(193,'PAY00000193',15,4,'4',30.00,2,'2025-02-09 22:11:00'),(194,'PAY00000194',8,10,'10',24.99,1,'2025-02-10 00:06:27'),(195,'PAY00000195',20,1,'16',32.99,1,'2025-02-10 00:47:49'),(196,'PAY00000196',2,1,'28',35.99,1,'2025-02-10 01:22:59'),(197,'PAY00000197',2,1,'28',35.99,1,'2025-02-10 01:26:34'),(198,'PAY00000198',15,1,'28',35.99,1,'2025-02-10 01:27:41'),(199,'PAY00000199',7,2,'2',16.99,1,'2025-02-10 01:28:41'),(200,'PAY00000200',26,2,'2',16.99,1,'2025-02-10 01:29:08'),(201,'PAY00000201',25,10,'30',16.99,1,'2025-02-10 02:13:35'),(202,'PAY00000202',18,10,'10',24.99,1,'2025-02-10 06:55:42'),(203,'PAY00000203',3,1,'12',5.99,1,'2025-02-10 14:10:09'),(204,'PAY00000204',21,1,'16',32.99,1,'2025-02-10 15:20:26'),(205,'PAY00000205',12,1,'16',32.99,1,'2025-02-10 15:57:53'),(206,'PAY00000206',6,11,'11',10.00,1,'2025-02-10 19:37:03'),(207,'PAY00000207',2,1,'16',35.00,1,'2025-02-10 19:37:21'),(208,'PAY00000208',23,1,'16',32.99,1,'2025-02-10 19:39:55'),(209,'PAY00000209',23,11,'11',0.00,1,'2025-02-10 19:40:22'),(210,'PAY00000210',25,3,'3',0.00,1,'2025-02-10 19:41:55'),(211,'PAY00000211',18,13,'14',0.00,1,'2025-02-10 19:42:38'),(212,'PAY00000212',5,13,'14',0.00,1,'2025-02-10 19:42:56'),(213,'PAY00000213',2,13,'14',0.00,1,'2025-02-10 19:43:33'),(214,'PAY00000214',9,13,'14',10.00,1,'2025-02-10 19:44:53'),(215,'PAY00000215',1,1,'16',32.99,1,'2025-02-10 19:48:13'),(216,'PAY00000216',8,4,'4',15.00,1,'2025-02-10 20:22:13'),(217,'PAY00000217',9,10,'30',21.10,2,'2025-02-11 13:06:48'),(218,'PAY00000218',1,4,'4',5.00,1,'2025-02-13 17:56:07'),(219,'PAY00000219',1,19,'33',9.00,1,'2025-02-13 18:08:04'),(220,'PAY00000220',13,4,'4',110.00,2,'2025-02-13 18:30:09'),(221,'PAY00000221',5,10,'10',24.99,1,'2025-02-13 22:45:15'),(222,'PAY00000222',10,6,'6',65.00,1,'2025-02-20 16:58:20'),(223,'PAY00000223',11,9,'9',60.00,1,'2025-02-20 17:00:00'),(224,'PAY00000224',11,9,'9',60.00,1,'2025-02-20 17:00:02'),(225,'PAY00000225',21,8,'8',60.00,1,'2025-02-20 17:00:27'),(226,'PAY00000226',27,1,'16',32.99,1,'2025-02-20 17:00:45'),(227,'PAY00000227',11,1,'21',20.50,1,'2025-02-20 20:11:11'),(228,'PAY00000228',8,3,'3',10.00,1,'2025-02-20 20:11:31'),(229,'PAY00000229',5,2,'17',24.99,1,'2025-02-26 12:28:25');
/*!40000 ALTER TABLE `payments_collectors` ENABLE KEYS */;
UNLOCK TABLES;

--
-- Table structure for table `roles`
--

DROP TABLE IF EXISTS `roles`;
/*!40101 SET @saved_cs_client     = @@character_set_client */;
/*!50503 SET character_set_client = utf8mb4 */;
CREATE TABLE `roles` (
  `id` int NOT NULL AUTO_INCREMENT,
  `role_id` int NOT NULL,
  `role` varchar(25) NOT NULL,
  PRIMARY KEY (`id`)
) ENGINE=InnoDB AUTO_INCREMENT=3 DEFAULT CHARSET=utf8mb4 COLLATE=utf8mb4_0900_ai_ci;
/*!40101 SET character_set_client = @saved_cs_client */;

--
-- Dumping data for table `roles`
--

LOCK TABLES `roles` WRITE;
/*!40000 ALTER TABLE `roles` DISABLE KEYS */;
INSERT INTO `roles` VALUES (1,1,'Supervisor'),(2,2,'Cajero');
/*!40000 ALTER TABLE `roles` ENABLE KEYS */;
UNLOCK TABLES;

--
-- Table structure for table `services`
--

DROP TABLE IF EXISTS `services`;
/*!40101 SET @saved_cs_client     = @@character_set_client */;
/*!50503 SET character_set_client = utf8mb4 */;
CREATE TABLE `services` (
  `id` int NOT NULL AUTO_INCREMENT,
  `service_id` varchar(255) NOT NULL,
  `collector_id` int NOT NULL,
  `service_name` varchar(100) NOT NULL,
  `description` varchar(255) NOT NULL,
  `price` decimal(10,2) NOT NULL,
  `deleted_at` datetime DEFAULT NULL,
  PRIMARY KEY (`id`),
  KEY `collector_id` (`collector_id`),
  CONSTRAINT `services_ibfk_1` FOREIGN KEY (`collector_id`) REFERENCES `collectors` (`id`)
) ENGINE=InnoDB AUTO_INCREMENT=42 DEFAULT CHARSET=utf8mb4 COLLATE=utf8mb4_0900_ai_ci;
/*!40101 SET character_set_client = @saved_cs_client */;

--
-- Dumping data for table `services`
--

LOCK TABLES `services` WRITE;
/*!40000 ALTER TABLE `services` DISABLE KEYS */;
INSERT INTO `services` VALUES (1,'SRV000001',1,'Internet Residencial de 150MB','Servicio de Intenet Residencial de 150MB',27.99,NULL),(2,'SRV000002',2,'Telefonía Fija','Servicio de Telefonía Fija',16.99,NULL),(3,'SRV000003',3,'Luz Eléctrica','Servicio de Luz Eléctrica',0.00,NULL),(4,'SRV000004',4,'Agua Potable','Servicio de Agua Potable',0.00,NULL),(5,'SRV000005',5,'Internet Residencial de 50MB','Servicio de Internet Residencial',33.45,NULL),(6,'SRV000006',6,'Mensualidad UTEC','Mensualidades de alumnado de Universidad Tecnológica de El Salvador',65.00,NULL),(7,'SRV000007',7,'Mensualidad UES','Mensualidades de alumnado de Universidad Nacional de El Salvador',20.00,NULL),(8,'SRV000008',8,'Mensualidad UNAB','Mensualidades de alumnado de Universidad Dr. Andrés Bello',60.00,NULL),(9,'SRV000009',9,'Mensualidad UPED','Mensualidades de alumnado de Universidad Pedagógica',60.00,NULL),(10,'SRV000010',10,'Intenet Residencial de 100MB','Servicio de Internet Residencial',24.99,NULL),(11,'SRV000011',11,'Luz Eléctrica','Servicio de Luz Eléctrica',0.00,NULL),(12,'SRV000012',1,'Televisión por Cable (Básico)','Servicio de Televisión por Cable',5.99,NULL),(13,'SRV000013',12,'Luz Eléctrica','Servicio de Luz Eléctrica',0.00,'2025-02-02 03:14:32'),(14,'SRV000014',13,'Luz Eléctrica','Servicio de Luz Eléctrica',0.00,NULL),(15,'SRV000015',14,'Cable Color','Servicio de Internet Residencial',0.00,'2025-02-02 16:42:18'),(16,'SRV000016',1,'Internet Residencial de 200MB','Servicio de Intenet Residencial de 200MB',32.99,NULL),(17,'SRV000017',2,'Internet Residencial','Servicio de Internet Residencial de 10MB',24.99,NULL),(18,'SRV000018',15,'Televisión por Cable (Básico)','Servicio de Televisión por Cable',24.45,'2025-02-03 18:55:09'),(19,'SRV000019',16,'Mensualidad UFG','Mensualidades de alumnado de Universidad Francisco Gavidia',123.00,'2025-02-03 18:55:06'),(20,'SRV000020',2,'Internet Residencial de 15 MB','Internet Residencial de 15 MB',25.99,NULL),(21,'SRV000021',1,'Internet Residencial de 10MB','Internet Residencial de 10MB',20.50,NULL),(22,'SRV000022',1,'Internet Residencial de 15MB','Internet de 15MB',16.50,NULL),(23,'SRV000023',9,'Servicio #1','Servicio #1 Description',24.50,'2025-02-09 13:32:14'),(24,'SRV00000024',17,'Mi Servicio Waossa','Mi Servicio Descripiton Waosasas',20.00,'2025-02-09 13:33:09'),(25,'SRV00000025',18,'Mi Servicio 1','Mi Servicio tien descripción 1',12.30,'2025-02-10 00:13:07'),(26,'SRV00000026',18,'Mi Servicio 2','Mi servicio 2 uu',12.50,'2025-02-10 00:13:07'),(27,'SRV00000027',18,'Mi Servicio 3','Mi servicio 3 desc',14.50,'2025-02-10 00:13:07'),(28,'SRV00000028',1,'Internet Residencial de 120MB','Internet de 120MB',35.99,'2025-02-10 01:19:50'),(29,'SRV00000029',1,'Internet Residencial de 10MB','Internet de 10MB',0.00,NULL),(30,'SRV00000030',10,'Intenet Residencial de 15MB','Internet de 15MB',0.00,NULL),(31,'SRV00000031',1,'Intenet Residencial de 150MB','Internet de 150MB',0.00,'2025-02-10 02:26:37'),(32,'SRV00000032',19,'luz','Pruebas de pago de colextor',10.25,'2025-02-20 17:04:31'),(33,'SRV00000033',19,'pago por que si','pruebas',0.00,'2025-02-20 17:04:31'),(34,'SRV00000034',19,'Mensualidad #32','descripcion',0.00,'2025-02-20 17:04:31'),(35,'SRV00000035',19,'Mensualidad #4','descripcion',0.00,'2025-02-20 17:04:31'),(36,'SRV00000036',19,'Mensualidad #2','pruebas',0.00,'2025-02-20 17:04:31'),(37,'SRV00000037',19,'pago por que si xd','xdddddd',0.00,'2025-02-20 17:04:31'),(38,'SRV00000038',19,'pago por que si xdd','xfxgf',0.00,'2025-02-20 17:04:31'),(39,'SRV00000039',11,'Mensualidad uu','sadqweqw',0.00,NULL),(40,'SRV00000040',19,'luz1','qwqwqwqw',12.00,'2025-02-20 17:04:31'),(41,'SRV00000041',19,'Hola','qwqwqwqw',3.00,'2025-02-20 17:04:31');
/*!40000 ALTER TABLE `services` ENABLE KEYS */;
UNLOCK TABLES;

--
-- Table structure for table `transaction_types`
--

DROP TABLE IF EXISTS `transaction_types`;
/*!40101 SET @saved_cs_client     = @@character_set_client */;
/*!50503 SET character_set_client = utf8mb4 */;
CREATE TABLE `transaction_types` (
  `id` int NOT NULL AUTO_INCREMENT,
  `transaction_type_id` varchar(255) NOT NULL,
  `transaction_type` varchar(25) NOT NULL,
  `deleted_at` datetime DEFAULT NULL,
  PRIMARY KEY (`id`)
) ENGINE=InnoDB AUTO_INCREMENT=4 DEFAULT CHARSET=utf8mb4 COLLATE=utf8mb4_0900_ai_ci;
/*!40101 SET character_set_client = @saved_cs_client */;

--
-- Dumping data for table `transaction_types`
--

LOCK TABLES `transaction_types` WRITE;
/*!40000 ALTER TABLE `transaction_types` DISABLE KEYS */;
INSERT INTO `transaction_types` VALUES (1,'1','Depósito',NULL),(2,'2','Retiro',NULL),(3,'3','Transferencia',NULL);
/*!40000 ALTER TABLE `transaction_types` ENABLE KEYS */;
UNLOCK TABLES;

--
-- Table structure for table `transactions`
--

DROP TABLE IF EXISTS `transactions`;
/*!40101 SET @saved_cs_client     = @@character_set_client */;
/*!50503 SET character_set_client = utf8mb4 */;
CREATE TABLE `transactions` (
  `id` int NOT NULL AUTO_INCREMENT,
  `transaction_id` varchar(255) NOT NULL,
  `customer_id` int NOT NULL,
  `sender_account` varchar(100) DEFAULT NULL,
  `receiver_id` int NOT NULL,
  `receiver_account` varchar(100) DEFAULT NULL,
  `transaction_type_id` int NOT NULL,
  `amount` decimal(10,2) NOT NULL,
  `concept` varchar(100) DEFAULT NULL,
  `status` int NOT NULL,
  `date_hour` datetime NOT NULL,
  `realized_by` varchar(100) DEFAULT NULL,
  `authorized_by` varchar(100) DEFAULT NULL,
  PRIMARY KEY (`id`),
  KEY `customer_id` (`customer_id`),
  KEY `transaction_type_id` (`transaction_type_id`),
  KEY `transactions_ibfk_3` (`receiver_id`),
  CONSTRAINT `transactions_ibfk_1` FOREIGN KEY (`customer_id`) REFERENCES `customers` (`id`),
  CONSTRAINT `transactions_ibfk_2` FOREIGN KEY (`transaction_type_id`) REFERENCES `transaction_types` (`id`),
  CONSTRAINT `transactions_ibfk_3` FOREIGN KEY (`receiver_id`) REFERENCES `customers` (`id`)
) ENGINE=InnoDB AUTO_INCREMENT=294 DEFAULT CHARSET=utf8mb4 COLLATE=utf8mb4_0900_ai_ci;
/*!40101 SET character_set_client = @saved_cs_client */;

--
-- Dumping data for table `transactions`
--

LOCK TABLES `transactions` WRITE;
/*!40000 ALTER TABLE `transactions` DISABLE KEYS */;
INSERT INTO `transactions` VALUES (1,'TSC00000026',1,'0000 1234 5678 9000',1,NULL,1,100000.00,NULL,2,'2024-02-19 20:27:06','1','1'),(2,'TSC00000027',2,'0000 1234 5678 9001',4,'0000 1234 5678 9003',3,25.00,NULL,2,'2024-03-21 20:30:00','1','1'),(3,'TSC00000028',19,'0000 1234 5678 9018',19,NULL,2,10000.00,NULL,2,'2024-05-16 20:31:33','1','1'),(4,'TSC00000029',18,'0000 1234 5678 9017',18,NULL,2,10000.00,NULL,2,'2024-08-09 21:35:28','1','1'),(5,'TSC00000030',11,'0000 1234 5678 9010',11,NULL,2,10000.00,NULL,2,'2024-09-12 23:26:42','1','1'),(6,'TSC00000031',20,'0000 1234 5678 9019',20,NULL,2,10000.00,NULL,2,'2024-10-01 23:51:10','1','1'),(7,'TSC00000032',24,'0000 1234 5678 9023',24,NULL,2,10000.00,NULL,2,'2024-11-05 23:59:07','1','1'),(8,'TSC00000033',21,'0000 1234 5678 9020',21,NULL,2,10000.00,NULL,2,'2024-12-25 00:22:42','1','1'),(9,'TSC00000034',29,'0000 1234 5678 9028',29,NULL,1,250.00,NULL,2,'2025-01-02 00:28:27','1','1'),(10,'TSC00000035',27,'0000 1234 5678 9026',1,'0000 1234 5678 9030',3,150.00,'Gracias',2,'2025-02-02 00:31:05','1','1'),(11,'TSC00000036',16,'0000 1234 5678 9015',16,NULL,2,10000.00,NULL,2,'2025-02-02 00:52:09','1','1'),(12,'TSC00000037',28,'0000 1234 5678 9027',28,NULL,2,11000.00,NULL,2,'2025-02-02 13:01:40','1','1'),(13,'TSC00000038',2,'0000 1234 5678 9001',17,'0000 1234 5678 9016',3,250.75,'Chi... Chiflatumauser :D',2,'2025-02-02 17:31:38','1','1'),(14,'TSC00000039',3,'0000 1234 5678 9002',3,NULL,1,25.00,NULL,2,'2025-02-02 23:19:46','1','1'),(15,'TSC00000040',2,'0000 1234 5678 9001',2,NULL,2,10000.00,NULL,2,'2025-02-03 16:36:38','1','1'),(16,'TSC00000041',9,'0000 1234 5678 9008',9,NULL,2,11000.00,NULL,2,'2025-02-03 18:30:20','1','1'),(17,'TSC00000042',25,'0000 1234 5678 9024',25,NULL,2,10000.00,NULL,2,'2025-02-04 20:39:58','1','1'),(18,'TSC00000043',11,'0000 1234 5678 9010',11,NULL,2,11000.00,NULL,2,'2025-02-04 20:41:36','1','1'),(19,'TSC00000044',28,'0000 1234 5678 9027',28,NULL,2,12000.00,NULL,2,'2025-02-04 20:42:09','1','1'),(20,'TSC00000045',10,'0000 1234 5678 9009',10,NULL,2,11000.00,NULL,2,'2025-02-04 21:03:27','1','1'),(21,'TSC00000046',14,'0000 1234 5678 9013',14,NULL,2,11200.00,NULL,2,'2025-02-04 21:04:08','1','1'),(22,'TSC00000047',8,'0000 1234 5678 9007',8,NULL,2,11200.00,NULL,2,'2025-02-05 10:54:46','1','1'),(23,'TSC00000048',26,'0000 1234 5678 9025',26,NULL,2,13000.00,NULL,2,'2025-02-05 13:58:24','1','1'),(24,'TSC00000049',22,'0000 1234 5678 9021',22,NULL,2,10000.00,NULL,2,'2025-02-05 14:59:21','1','1'),(25,'TSC00000050',27,'0000 1234 5678 9026',27,NULL,2,10000.00,NULL,2,'2025-02-05 15:07:20','1','1'),(26,'TSC00000051',19,'0000 1234 5678 9018',19,NULL,2,10000.00,NULL,2,'2025-02-05 15:17:29','1','1'),(27,'TSC00000052',16,'0000 1234 5678 9015',16,NULL,2,10000.00,NULL,2,'2025-02-05 15:31:42','1','1'),(28,'TSC00000053',11,'0000 1234 5678 9010',11,NULL,2,11000.00,NULL,2,'2025-02-05 15:33:05','1','1'),(54,'TSC00000054',2,'0000 1234 5678 9001',2,NULL,2,120.00,NULL,2,'2025-02-06 13:24:34','1','1'),(55,'TSC00000055',1,'0000 1234 5678 9030',1,NULL,1,50.00,NULL,2,'2025-02-06 13:24:50','1','1'),(56,'TSC00000056',1,'0000 1234 5678 9000',1,NULL,1,125.00,NULL,2,'2025-02-06 14:48:00','1','1'),(57,'TSC00000057',1,'0000 1234 5678 9000',27,'0000 1234 5678 9026',3,15.00,NULL,2,'2025-02-06 14:51:47','1','1'),(58,'TSC00000058',1,'0000 1234 5678 9000',1,NULL,1,35.00,NULL,2,'2025-02-06 15:30:34','1','1'),(59,'TSC00000059',1,'0000 1234 5678 9000',1,'0000 1234 5678 9030',3,15.00,NULL,2,'2025-02-06 15:33:41','1','1'),(60,'TSC00000060',2,'0000 1234 5678 9001',2,NULL,1,10.00,NULL,2,'2025-02-06 15:45:13','1','1'),(61,'TSC00000061',1,'0000 1234 5678 9000',1,NULL,2,12000.00,NULL,2,'2025-02-06 16:19:18','1','1'),(62,'TSC00000062',8,'0000 1234 5678 9007',8,NULL,2,13000.00,NULL,2,'2025-02-06 16:33:11','1','1'),(63,'TSC00000063',4,'0000 1234 5678 9003',4,NULL,2,10000.00,NULL,2,'2025-02-06 18:48:10','1','1'),(64,'TSC00000064',22,'0000 1234 5678 9021',22,NULL,2,10000.00,NULL,2,'2025-02-06 18:53:13','1','1'),(65,'TSC00000065',6,'0000 1234 5678 9005',6,NULL,2,12000.00,NULL,2,'2025-02-06 18:54:40','1','1'),(66,'TSC00000066',16,'0000 1234 5678 9015',16,NULL,2,11000.00,NULL,2,'2025-02-06 18:58:20','1','1'),(67,'TSC00000067',8,'0000 1234 5678 9007',8,NULL,2,13000.00,NULL,2,'2025-02-06 18:59:25','1','1'),(68,'TSC00000068',21,'0000 1234 5678 9020',21,NULL,2,15000.00,NULL,2,'2025-02-06 19:04:03','1','1'),(69,'TSC00000069',10,'0000 1234 5678 9009',10,NULL,2,12000.00,NULL,2,'2025-02-06 19:12:52','1','1'),(70,'TSC00000070',11,'0000 1234 5678 9010',11,NULL,2,11000.00,NULL,2,'2025-02-06 19:13:57','1','1'),(71,'TSC00000071',13,'0000 1234 5678 9012',13,NULL,2,10000.00,NULL,2,'2025-02-06 19:16:18','1','1'),(72,'TSC00000072',12,'0000 1234 5678 9011',12,NULL,2,10000.00,NULL,2,'2025-02-06 19:17:42','1','1'),(73,'TSC00000073',15,'0000 1234 5678 9014',15,NULL,2,12500.00,NULL,2,'2025-02-06 19:28:43','1','1'),(74,'TSC00000074',14,'0000 1234 5678 9013',14,NULL,2,11200.00,NULL,2,'2025-02-06 19:30:02','1','1'),(75,'TSC00000075',2,'0000 1234 5678 9001',2,NULL,2,10000.00,NULL,2,'2025-02-06 19:32:55','1','1'),(76,'TSC00000076',16,'0000 1234 5678 9015',16,NULL,2,11500.00,NULL,2,'2025-02-06 19:34:37','1','1'),(77,'TSC00000077',21,'0000 1234 5678 9020',21,NULL,2,13500.00,NULL,2,'2025-02-06 19:36:28','1','1'),(78,'TSC00000078',2,'0000 1234 5678 9001',2,NULL,2,12000.00,NULL,2,'2025-02-06 19:37:21','1','1'),(79,'TSC00000079',6,'0000 1234 5678 9005',6,NULL,2,11000.00,NULL,2,'2025-02-06 19:38:51','1','1'),(80,'TSC00000080',10,'0000 1234 5678 9009',10,NULL,2,10000.00,NULL,2,'2025-02-06 19:39:38','1','1'),(81,'TSC00000081',13,'0000 1234 5678 9012',13,NULL,2,10000.00,NULL,2,'2025-02-06 19:41:10','1','1'),(82,'TSC00000082',29,'0000 1234 5678 9028',29,NULL,2,20.00,NULL,2,'2025-02-06 19:46:12','1','1'),(83,'TSC00000083',3,'0000 1234 5678 9002',3,NULL,2,25.00,NULL,2,'2025-02-06 19:46:48','1','1'),(84,'TSC00000084',19,'0000 1234 5678 9018',19,NULL,1,124.50,NULL,2,'2025-02-06 19:47:03','1','1'),(85,'TSC00000085',15,'0000 1234 5678 9014',4,'0000 1234 5678 9003',3,120.00,'xdd TT',2,'2025-02-06 19:47:43','1','1'),(86,'TSC00000086',6,'0000 1234 5678 9005',6,NULL,2,12000.00,NULL,2,'2025-02-06 19:48:16','1','1'),(87,'TSC00000087',13,'0000 1234 5678 9012',13,NULL,2,12000.00,NULL,2,'2025-02-06 20:04:40','1','1'),(88,'TSC00000088',23,'0000 1234 5678 9022',23,NULL,2,12000.00,NULL,2,'2025-02-06 20:07:45','1','1'),(89,'TSC00000089',13,'0000 1234 5678 9012',13,NULL,2,12000.00,NULL,2,'2025-02-06 20:13:25','1','1'),(90,'TSC00000090',15,'0000 1234 5678 9014',15,NULL,2,11000.00,NULL,2,'2025-02-06 20:14:12','1','1'),(91,'TSC00000091',25,'0000 1234 5678 9024',25,NULL,2,12000.00,NULL,2,'2025-02-06 20:20:18','1','1'),(92,'TSC00000092',13,'0000 1234 5678 9012',13,NULL,2,10000.00,NULL,2,'2025-02-06 20:20:46','1','1'),(93,'TSC00000093',9,'0000 1234 5678 9008',9,NULL,2,12000.00,NULL,2,'2025-02-06 21:05:06','1','1'),(94,'TSC00000094',13,'0000 1234 5678 9001',13,NULL,2,14000.00,NULL,2,'2025-02-06 21:07:36','1','1'),(95,'TSC00000095',3,'0000 1234 5678 9002',3,NULL,2,12000.00,NULL,3,'2025-02-06 21:14:40','1','1'),(96,'TSC00000096',9,'0000 1234 5678 9008',9,NULL,2,15000.00,NULL,2,'2025-02-06 21:15:14','1','1'),(97,'TSC00000097',16,'0000 1234 5678 9015',16,NULL,2,10000.00,NULL,2,'2025-02-06 21:15:54','1','1'),(98,'TSC00000098',11,'0000 1234 5678 9010',11,NULL,2,13000.00,NULL,3,'2025-02-06 21:16:42','1','1'),(99,'TSC00000099',6,'0000 1234 5678 9005',6,NULL,2,10000.00,NULL,3,'2025-02-07 11:20:27','1','1'),(100,'TSC00000100',10,'0000 1234 5678 9009',10,NULL,2,12000.00,NULL,3,'2025-02-07 11:21:13','1','1'),(101,'TSC00000101',26,'0000 1234 5678 9025',26,NULL,2,11000.00,NULL,3,'2025-02-07 11:21:34','1','1'),(102,'TSC00000102',28,'0000 1234 5678 9027',28,NULL,2,13000.00,NULL,3,'2025-02-07 11:21:58','1','1'),(103,'TSC00000103',17,'0000 1234 5678 9016',17,NULL,2,12000.00,NULL,3,'2025-02-07 11:46:11','1','1'),(104,'TSC00000104',22,'0000 1234 5678 9021',22,NULL,2,11000.00,NULL,3,'2025-02-07 11:46:42','1','1'),(105,'TSC00000105',12,'0000 1234 5678 9011',12,NULL,2,10000.00,NULL,3,'2025-02-07 11:47:45','1','1'),(106,'TSC00000106',7,'0000 1234 5678 9006',7,NULL,2,11000.00,NULL,3,'2025-02-07 11:48:49','1','1'),(107,'TSC00000107',10,'0000 1234 5678 9009',10,NULL,2,11000.00,NULL,2,'2025-02-07 11:53:37','1','1'),(108,'TSC00000108',20,'0000 1234 5678 9019',20,NULL,2,11000.00,NULL,3,'2025-02-07 11:54:24','1','1'),(109,'TSC00000109',7,'0000 1234 5678 9006',7,NULL,2,12000.00,NULL,2,'2025-02-07 16:13:21','1','1'),(110,'TSC00000110',19,'0000 1234 5678 9018',19,NULL,2,11000.00,NULL,2,'2025-02-07 16:16:29','1','1'),(111,'TSC00000111',15,'0000 1234 5678 9014',15,NULL,2,13000.00,NULL,2,'2025-02-07 16:20:36','1','1'),(112,'TSC00000112',28,'0000 1234 5678 9027',28,NULL,2,12000.00,NULL,2,'2025-02-07 16:22:01','1','1'),(113,'TSC00000113',3,'0000 1234 5678 9002',3,NULL,2,12000.00,NULL,3,'2025-02-07 16:23:31','1','1'),(114,'TSC00000114',7,'0000 1234 5678 9006',7,NULL,2,14000.00,NULL,2,'2025-02-07 16:23:57','1','1'),(115,'TSC00000115',16,'0000 1234 5678 9015',16,NULL,2,16000.00,NULL,2,'2025-02-07 16:24:35','1','1'),(116,'TSC00000116',17,'0000 1234 5678 9016',17,NULL,2,12500.00,NULL,2,'2025-02-07 16:25:41','1','1'),(117,'TSC00000117',20,'0000 1234 5678 9019',20,NULL,2,15000.00,NULL,2,'2025-02-07 16:29:25','1','1'),(118,'TSC00000118',10,'0000 1234 5678 9009',10,NULL,2,11000.00,NULL,3,'2025-02-07 16:34:45','1','1'),(119,'TSC00000119',26,'0000 1234 5678 9025',26,NULL,2,12000.00,NULL,2,'2025-02-07 16:36:14','1','1'),(120,'TSC00000120',23,'0000 1234 5678 9022',23,NULL,2,15000.00,NULL,3,'2025-02-07 16:41:17','1','1'),(121,'TSC00000121',28,'0000 1234 5678 9027',28,NULL,2,12100.00,NULL,2,'2025-02-07 16:45:24','1','1'),(122,'TSC00000122',20,'0000 1234 5678 9019',20,NULL,2,13000.00,NULL,2,'2025-02-07 16:46:06','1','1'),(123,'TSC00000123',26,'0000 1234 5678 9025',26,NULL,2,14200.00,NULL,2,'2025-02-07 16:47:35','1','1'),(124,'TSC00000124',6,'0000 1234 5678 9005',6,NULL,2,13400.00,NULL,2,'2025-02-07 16:49:16','1','1'),(125,'TSC00000125',3,'0000 1234 5678 9002',3,NULL,2,12000.00,NULL,2,'2025-02-07 16:50:45','1','1'),(126,'TSC00000126',17,'0000 1234 5678 9016',17,NULL,2,12000.00,NULL,2,'2025-02-07 16:51:35','1','1'),(127,'TSC00000127',1,'0000 1234 5678 9000',1,NULL,1,20000.00,NULL,2,'2025-02-07 16:55:05','1','1'),(128,'TSC00000128',24,'0000 1234 5678 9023',24,NULL,2,12300.00,NULL,2,'2025-02-07 16:57:41','1','1'),(129,'TSC00000129',28,'0000 1234 5678 9027',28,NULL,2,12400.00,NULL,2,'2025-02-07 16:59:54','1','1'),(130,'TSC00000130',2,'0000 1234 5678 9001',2,NULL,2,79975.00,NULL,3,'2025-02-07 17:06:06','1','1'),(131,'TSC00000131',12,'0000 1234 5678 9011',12,NULL,2,12456.00,NULL,3,'2025-02-07 17:10:08','1','1'),(132,'TSC00000132',12,'0000 1234 5678 9011',12,NULL,2,12340.00,NULL,2,'2025-02-07 17:11:14','1','1'),(133,'TSC00000133',16,'0000 1234 5678 9015',16,NULL,2,80000.00,NULL,2,'2025-02-07 17:36:58','1','1'),(134,'TSC00000134',26,'0000 1234 5678 9025',26,NULL,2,10000.00,NULL,2,'2025-02-07 18:18:55','1','1'),(135,'TSC00000135',28,'0000 1234 5678 9027',28,NULL,2,10000.00,NULL,2,'2025-02-07 18:20:16','1','1'),(136,'TSC00000136',2,'0000 1234 5678 9001',22,'0000 1234 5678 9021',3,120.00,NULL,2,'2025-02-07 18:20:32','1','1'),(137,'TSC00000137',4,'0000 1234 5678 9003',4,NULL,1,120.00,NULL,2,'2025-02-08 12:11:16','1','1'),(138,'TSC00000138',24,'0000 1234 5678 9023',24,NULL,1,12.00,NULL,2,'2025-02-08 12:11:24','1','1'),(139,'TSC00000139',19,'0000 1234 5678 9018',19,NULL,1,25.00,NULL,2,'2025-02-08 12:11:33','1','1'),(140,'TSC00000140',28,'0000 1234 5678 9027',28,NULL,1,75.00,NULL,2,'2025-02-08 12:11:41','1','1'),(141,'TSC00000141',7,'0000 1234 5678 9006',7,NULL,1,250.00,NULL,2,'2025-02-08 16:29:28','1','1'),(142,'TSC00000142',29,'0000 1234 5678 9028',29,NULL,1,45.00,NULL,2,'2025-02-08 17:13:57','1','1'),(143,'TSC00000143',7,'0000 1234 5678 9006',7,NULL,2,12000.00,NULL,2,'2025-02-08 18:04:48','1','1'),(144,'TSC00000144',13,'0000 1234 5678 9012',13,NULL,1,125.00,NULL,2,'2025-02-08 19:02:41','1','1'),(145,'TSC00000145',14,'0000 1234 5678 9013',14,NULL,2,200.00,NULL,2,'2025-02-08 19:43:36','1','1'),(146,'TSC00000146',7,'0000 1234 5678 9006',7,NULL,2,12000.00,NULL,2,'2025-02-08 19:43:50','1','1'),(147,'TSC00000147',12,'0000 1234 5678 9011',12,NULL,1,220.00,NULL,2,'2025-02-08 20:06:34','1','1'),(148,'TSC00000148',28,'0000 1234 5678 9027',28,NULL,2,10000.00,NULL,2,'2025-02-08 20:06:48','1','1'),(149,'TSC00000149',8,'0000 1234 5678 9007',8,NULL,2,15000.00,NULL,2,'2025-02-09 12:52:52','1','1'),(150,'TSC00000150',11,'0000 1234 5678 9010',11,NULL,2,11000.00,NULL,2,'2025-02-09 12:55:52','1','1'),(151,'TSC00000151',28,'0000 1234 5678 9027',28,NULL,2,12000.00,NULL,2,'2025-02-09 13:05:32','1','1'),(152,'TSC00000152',26,'0000 1234 5678 9025',26,NULL,2,12345.00,NULL,2,'2025-02-09 13:08:20','2','1'),(153,'TSC00000153',8,'0000 1234 5678 9007',8,NULL,2,13000.00,NULL,2,'2025-02-09 13:08:58','2','1'),(154,'TSC00000154',15,'0000 1234 5678 9014',15,NULL,2,12000.00,NULL,2,'2025-02-09 13:11:12','2','1'),(155,'TSC00000155',23,'0000 1234 5678 9022',23,NULL,2,12000.00,NULL,3,'2025-02-09 13:18:49','1','1'),(156,'TSC00000156',8,'0000 1234 5678 9007',8,NULL,2,12000.00,NULL,2,'2025-02-09 13:19:59','1','1'),(157,'TSC00000157',28,'0000 1234 5678 9027',28,NULL,1,250.00,NULL,2,'2025-02-09 13:20:18','1','1'),(158,'TSC00000158',2,'0000 1234 5678 9001',2,NULL,2,12000.00,NULL,2,'2025-02-09 13:25:30','2','1'),(159,'TSC00000159',2,'0000 1234 5678 9001',13,'0000 1234 5678 9012',3,125.00,'Holiwis',2,'2025-02-09 13:36:26','2','2'),(160,'TSC00000160',6,'0000 1234 5678 9005',6,NULL,2,11200.00,NULL,2,'2025-02-09 13:42:48','1','1'),(161,'TSC00000161',17,'0000 1234 5678 9016',17,NULL,1,125.00,NULL,2,'2025-02-09 13:43:12','2','2'),(162,'TSC00000162',2,'0000 1234 5678 9001',2,'0000 1234 5678 9001',3,12.00,NULL,2,'2025-02-09 13:43:23','2','2'),(163,'TSC00000163',20,'0000 1234 5678 9019',3,'0000 1234 5678 9002',3,12.00,NULL,2,'2025-02-09 13:44:07','2','2'),(164,'TSC00000164',11,'0000 1234 5678 9010',11,NULL,2,12000.00,NULL,2,'2025-02-09 13:45:26','2','1'),(165,'TSC00000165',20,'0000 1234 5678 9019',20,NULL,2,12000.00,NULL,3,'2025-02-09 13:47:08','1','1'),(166,'TSC00000166',16,'0000 1234 5678 9015',16,NULL,2,11000.00,NULL,2,'2025-02-09 13:47:28','2','1'),(167,'TSC00000167',18,'0000 1234 5678 9017',1,'0000 1234 5678 9030',3,50.00,NULL,2,'2025-02-09 14:02:37','1','1'),(168,'TSC00000168',18,'0000 1234 5678 9017',18,NULL,2,12000.00,NULL,3,'2025-02-09 14:04:16','2','1'),(169,'TSC00000169',26,'0000 1234 5678 9025',26,NULL,2,12400.00,NULL,2,'2025-02-09 14:04:38','1','1'),(170,'TSC00000170',2,'0000 1234 5678 9001',2,NULL,1,12.00,NULL,2,'2025-02-09 14:31:37','1','1'),(171,'TSC00000171',13,'0000 1234 5678 9012',13,NULL,1,125.00,NULL,2,'2025-02-10 00:04:57','1','1'),(172,'TSC00000172',4,'0000 1234 5678 9003',4,NULL,2,11000.00,NULL,2,'2025-02-10 00:05:27','1','1'),(173,'TSC00000173',17,'0000 1234 5678 9016',4,'0000 1234 5678 9003',3,12.50,'Te lo debía, perdón',2,'2025-02-10 00:06:07','1','1'),(174,'TSC00000174',13,'0000 1234 5678 9012',13,NULL,1,15.00,NULL,2,'2025-02-10 00:06:45','1','1'),(175,'TSC00000175',7,'0000 1234 5678 9006',7,NULL,2,12000.00,NULL,3,'2025-02-10 00:23:10','1','1'),(176,'TSC00000176',13,'0000 1234 5678 9012',13,NULL,1,12500.00,NULL,2,'2025-02-10 00:23:48','1','1'),(177,'TSC00000177',24,'0000 1234 5678 9023',4,'0000 1234 5678 9003',3,6720.50,NULL,2,'2025-02-10 06:56:19','1','1'),(178,'TSC00000178',1,'0000 1234 5678 9000',1,NULL,2,10000.00,NULL,2,'2025-02-10 07:05:24','1','1'),(179,'TSC00000179',1,'0000 1234 5678 9000',1,NULL,2,10000.00,NULL,2,'2025-02-10 07:14:13','2','1'),(180,'TSC00000180',1,'0000 1234 5678 9000',1,NULL,2,1000.00,NULL,2,'2025-02-10 07:14:53','2','2'),(181,'TSC00000181',13,'0000 1234 5678 9012',13,NULL,1,5.00,NULL,2,'2025-02-10 07:25:27','1','1'),(182,'TSC00000182',23,'0000 1234 5678 9022',1,'0000 1234 5678 9000',3,150.00,NULL,2,'2025-02-10 07:27:59','2','2'),(183,'TSC00000183',1,'0000 1234 5678 9000',1,NULL,2,250.00,NULL,2,'2025-02-10 07:28:24','2','2'),(184,'TSC00000184',15,'0000 1234 5678 9014',15,NULL,2,11000.00,NULL,2,'2025-02-10 07:30:57','2','1'),(185,'TSC00000185',1,'0000 1234 5678 9000',1,NULL,2,10000.00,NULL,2,'2025-02-10 10:44:22','2','1'),(186,'TSC00000186',1,'0000 1234 5678 9000',1,NULL,2,11000.00,NULL,2,'2025-02-10 10:46:36','2','1'),(187,'TSC00000187',1,'0000 1234 5678 9000',1,NULL,2,10000.00,NULL,2,'2025-02-10 10:51:07','2','1'),(188,'TSC00000188',1,'0000 1234 5678 9000',1,NULL,2,10000.00,NULL,2,'2025-02-10 10:52:41','2','1'),(189,'TSC00000189',1,'0000 1234 5678 9000',1,NULL,2,10000.00,NULL,2,'2025-02-10 11:03:47','2','1'),(190,'TSC00000190',1,'0000 1234 5678 9000',1,NULL,2,10000.00,NULL,2,'2025-02-10 11:10:13','2','1'),(191,'TSC00000191',1,'0000 1234 5678 9000',1,NULL,2,10000.00,NULL,2,'2025-02-10 11:14:32','2','1'),(192,'TSC00000192',1,'0000 1234 5678 9000',1,NULL,2,10000.00,NULL,2,'2025-02-10 11:15:30','2','1'),(193,'TSC00000193',1,'0000 1234 5678 9000',1,NULL,2,10000.00,NULL,2,'2025-02-10 11:19:36','2','1'),(194,'TSC00000194',1,'0000 1234 5678 9000',1,NULL,2,10000.00,NULL,2,'2025-02-10 11:28:45','2','1'),(195,'TSC00000195',1,'0000 1234 5678 9000',1,NULL,2,10000.00,NULL,2,'2025-02-10 11:30:44','2','1'),(196,'TSC00000196',1,'0000 1234 5678 9000',1,NULL,2,10000.00,NULL,2,'2025-02-10 11:32:32','2','1'),(197,'TSC00000197',1,'0000 1234 5678 9000',1,NULL,2,10000.00,NULL,2,'2025-02-10 12:31:33','2','1'),(198,'TSC00000198',1,'0000 1234 5678 9000',1,NULL,2,10000.00,NULL,2,'2025-02-10 12:36:41','2','1'),(199,'TSC00000199',13,'0000 1234 5678 9012',13,NULL,1,125.00,NULL,2,'2025-02-10 12:39:55','2','2'),(200,'TSC00000200',1,'0000 1234 5678 9000',1,'0000 1234 5678 9030',3,125.00,'Holiwis',2,'2025-02-10 12:40:23','2','2'),(201,'TSC00000201',1,'0000 1234 5678 9000',1,NULL,2,10000.00,NULL,2,'2025-02-10 12:41:07','1','1'),(202,'TSC00000202',1,'0000 1234 5678 9000',1,NULL,2,10000.00,NULL,3,'2025-02-10 12:42:01','1','1'),(203,'TSC00000203',1,'0000 1234 5678 9000',1,NULL,2,10000.00,NULL,2,'2025-02-10 12:52:26','2','1'),(204,'TSC00000204',1,'0000 1234 5678 9000',1,NULL,2,10000.00,NULL,2,'2025-02-10 12:54:05','2','1'),(205,'TSC00000205',1,'0000 1234 5678 9000',1,NULL,2,10000.00,NULL,2,'2025-02-10 12:56:36','1','1'),(206,'TSC00000206',1,'0000 1234 5678 9000',1,NULL,2,10000.00,NULL,2,'2025-02-10 12:58:48','2','1'),(207,'TSC00000207',1,'0000 1234 5678 9000',1,NULL,2,10000.00,NULL,2,'2025-02-10 13:01:18','2','1'),(208,'TSC00000208',1,'0000 1234 5678 9000',1,NULL,2,10000.00,NULL,2,'2025-02-10 13:03:29','2','1'),(209,'TSC00000209',1,'0000 1234 5678 9000',1,NULL,2,12000.00,NULL,2,'2025-02-10 13:07:01','1','1'),(210,'TSC00000210',1,'0000 1234 5678 9000',1,NULL,2,10000.00,NULL,2,'2025-02-10 13:14:22','2','1'),(211,'TSC00000211',1,'0000 1234 5678 9000',1,NULL,2,10000.00,NULL,3,'2025-02-10 13:15:02','2','1'),(212,'TSC00000212',1,'0000 1234 5678 9000',1,NULL,2,12000.00,NULL,3,'2025-02-10 13:16:42','2','1'),(213,'TSC00000213',1,'0000 1234 5678 9000',1,NULL,2,12000.00,NULL,3,'2025-02-10 13:17:21','2','1'),(214,'TSC00000214',1,'0000 1234 5678 9000',1,NULL,1,80.00,NULL,2,'2025-02-10 13:25:05','1','1'),(215,'TSC00000215',2,'0000 1234 5678 9001',2,NULL,1,27.00,NULL,2,'2025-02-10 13:25:17','1','1'),(216,'TSC00000216',19,'0000 1234 5678 9018',19,NULL,2,12000.00,NULL,3,'2025-02-10 15:58:33','1','1'),(217,'TSC00000217',21,'0000 1234 5678 9020',21,NULL,2,13245.00,NULL,3,'2025-02-10 15:58:50','1','1'),(218,'TSC00000218',9,'0000 1234 5678 9008',9,NULL,2,12000.00,NULL,3,'2025-02-10 20:15:52','1','1'),(219,'TSC00000219',18,'0000 1234 5678 9017',18,NULL,2,11000.00,NULL,3,'2025-02-10 20:18:12','2','1'),(220,'TSC00000220',6,'0000 1234 5678 9005',6,NULL,2,12500.00,NULL,3,'2025-02-10 20:20:30','2','1'),(221,'TSC00000221',6,'0000 1234 5678 9005',6,NULL,2,12500.00,NULL,3,'2025-02-11 16:38:23','1','1'),(222,'TSC00000222',26,'0000 1234 5678 9025',26,NULL,2,11000.00,NULL,3,'2025-02-11 16:38:32','1','1'),(223,'TSC00000223',21,'0000 1234 5678 9020',21,NULL,2,12000.00,NULL,3,'2025-02-11 16:38:48','1','1'),(224,'TSC00000224',10,'0000 1234 5678 9009',10,NULL,2,11345.00,NULL,2,'2025-02-11 16:38:58','3','3'),(225,'TSC00000225',22,'0000 1234 5678 9021',22,NULL,2,10575.00,NULL,3,'2025-02-11 16:39:14','1','1'),(226,'TSC00000226',28,'0000 1234 5678 9027',28,NULL,1,123.00,NULL,2,'2025-02-11 16:39:39','1','1'),(227,'TSC00000227',17,'0000 1234 5678 9016',17,NULL,1,125.00,NULL,2,'2025-02-11 16:39:49','1','1'),(228,'TSC00000228',10,'0000 1234 5678 9016',10,NULL,1,15.00,NULL,2,'2025-02-11 16:39:58','1','1'),(229,'TSC00000229',14,'0000 1234 5678 9013',14,NULL,1,22.00,NULL,2,'2025-02-11 16:40:24','1','1'),(230,'TSC00000230',15,'0000 1234 5678 9014',15,NULL,1,10.00,NULL,2,'2025-02-11 16:40:41','1','1'),(231,'TSC00000231',3,'0000 1234 5678 9002',3,NULL,2,25.00,NULL,2,'2025-02-11 16:42:38','1','1'),(232,'TSC00000232',16,'0000 1234 5678 9015',16,NULL,2,15.00,NULL,2,'2025-02-11 16:42:47','1','1'),(233,'TSC00000233',7,'0000 1234 5678 9006',2,'0000 1234 5678 9001',3,25.00,NULL,2,'2025-02-11 16:43:02','1','1'),(234,'TSC00000234',11,'0000 1234 5678 9010',11,NULL,2,12000.00,NULL,2,'2025-02-12 11:44:46','2','3'),(235,'TSC00000235',11,'0000 1234 5678 9010',11,NULL,1,120.00,NULL,2,'2025-02-12 12:21:27','1','1'),(236,'TSC00000236',8,'0000 1234 5678 9007',22,'0000 1234 5678 9021',3,5.00,'pruebas',2,'2025-02-13 18:14:13','1','1'),(237,'TSC00000237',13,'0000 1234 5678 9012',13,'0000 1234 5678 9012',3,10.00,'pruebas',2,'2025-02-13 18:15:55','1','1'),(238,'TSC00000238',13,'0000 1234 5678 9012',13,NULL,1,100.00,NULL,2,'2025-02-13 18:17:08','1','1'),(239,'TSC00000239',13,'0000 1234 5678 9012',13,NULL,2,80125.00,NULL,2,'2025-02-13 18:19:29','1','1'),(240,'TSC00000240',2,'0000 1234 5678 9001',13,'0000 1234 5678 9012',3,100.00,'pruebas de transferencia',2,'2025-02-13 18:22:09','1','1'),(241,'TSC00000241',13,'0000 1234 5678 9012',13,NULL,1,100.00,NULL,2,'2025-02-13 18:24:32','1','1'),(242,'TSC00000242',6,'0000 1234 5678 9005',13,'0000 1234 5678 9012',3,12000.00,'pruebas',2,'2025-02-13 18:31:28','2','2'),(243,'TSC00000243',13,'0000 1234 5678 9012',13,NULL,2,12000.00,NULL,2,'2025-02-13 18:34:44','2','1'),(244,'TSC00000244',11,'0000 1234 5678 9010',11,NULL,2,13000.00,NULL,2,'2025-02-13 18:38:54','2','1'),(245,'TSC00000245',7,'0000 1234 5678 9006',7,NULL,2,11000.00,NULL,3,'2025-02-13 18:39:28','1','1'),(246,'TSC00000246',26,'0000 1234 5678 9025',19,'0000 1234 5678 9018',3,124.50,NULL,2,'2025-02-13 21:17:41','1','1'),(247,'TSC00000247',22,'0000 1234 5678 9021',15,'0000 1234 5678 9014',3,215.00,NULL,2,'2025-02-13 21:44:14','1','1'),(248,'TSC00000248',22,'0000 1234 5678 9021',13,'0000 1234 5678 9012',3,217.00,NULL,2,'2025-02-13 21:47:42','1','1'),(249,'TSC00000249',22,'0000 1234 5678 9021',13,'0000 1234 5678 9012',3,120.00,NULL,2,'2025-02-13 21:50:02','1','1'),(250,'TSC00000250',22,'0000 1234 5678 9021',13,'0000 1234 5678 9012',3,125.00,NULL,2,'2025-02-13 21:54:48','1','1'),(251,'TSC00000251',6,'0000 1234 5678 9005',6,NULL,2,12000.00,NULL,2,'2025-02-13 22:49:17','2','1'),(252,'TSC00000252',6,'0000 1234 5678 9005',6,NULL,2,12345.00,NULL,2,'2025-02-13 23:00:50','1','1'),(253,'TSC00000253',4,'0000 1234 5678 9003',4,NULL,2,13456.00,NULL,2,'2025-02-13 23:08:30','1','1'),(254,'TSC00000254',10,'0000 1234 5678 9009',10,NULL,2,12345.00,NULL,2,'2025-02-13 23:09:02','1','1'),(255,'TSC00000255',12,'0000 1234 5678 9011',12,NULL,2,12000.00,NULL,2,'2025-02-13 23:10:44','1','1'),(256,'TSC00000256',17,'0000 1234 5678 9016',17,NULL,2,12453.00,NULL,2,'2025-02-13 23:16:13','1','1'),(257,'TSC00000257',1,'0000 1234 5678 9030',1,NULL,2,12356.00,NULL,2,'2025-02-13 23:19:05','1','1'),(258,'TSC00000258',21,'0000 1234 5678 9020',21,NULL,2,12467.00,NULL,2,'2025-02-13 23:20:49','2','1'),(259,'TSC00000259',1,'0000 1234 5678 9000',1,NULL,2,12567.00,NULL,2,'2025-02-13 23:22:53','2','1'),(260,'TSC00000260',20,'0000 1234 5678 9019',13,'0000 1234 5678 9012',3,12345.00,NULL,2,'2025-02-13 23:24:21','1','1'),(261,'TSC00000261',1,'0000 1234 5678 9000',1,'0000 1234 5678 9030',3,140.00,NULL,2,'2025-02-13 23:27:39','3','3'),(262,'TSC00000262',7,'0000 1234 5678 9006',1,'0000 1234 5678 9000',3,32.00,NULL,2,'2025-02-13 23:28:49','3','3'),(263,'TSC00000263',1,'0000 1234 5678 9000',2,'0000 1234 5678 9001',3,45.00,NULL,2,'2025-02-13 23:29:34','3','3'),(264,'TSC00000264',6,'0000 1234 5678 9005',5,'0000 1234 5678 9004',3,15.00,'Holis',2,'2025-02-14 01:06:55','1','1'),(265,'TSC00000265',6,'0000 1234 5678 9005',6,'0000 1234 5678 9005',3,15.00,NULL,2,'2025-02-14 01:13:27','1','1'),(266,'TSC00000266',2,'0000 1234 5678 9001',2,NULL,1,240.00,NULL,2,'2025-02-14 01:14:19','2','2'),(267,'TSC00000267',21,'0000 1234 5678 9020',23,'0000 1234 5678 9022',3,123.00,NULL,2,'2025-02-14 01:34:51','1','1'),(268,'TSC00000268',5,'0000 1234 5678 9004',5,NULL,2,12000.00,NULL,2,'2025-02-18 13:10:32',NULL,'1'),(269,'TSC00000269',15,'0000 1234 5678 9014',15,NULL,2,12500.00,NULL,2,'2025-02-20 16:54:15','1','1'),(270,'TSC00000270',11,'0000 1234 5678 9010',11,NULL,2,13789.00,NULL,3,'2025-02-20 16:54:29','1','1'),(271,'TSC00000271',12,'0000 1234 5678 9011',12,NULL,2,12357.00,NULL,3,'2025-02-20 16:54:54','1','1'),(272,'TSC00000272',10,'0000 1234 5678 9009',10,NULL,2,12578.00,NULL,3,'2025-02-20 16:55:12','1','1'),(273,'TSC00000273',22,'0000 1234 5678 9021',22,NULL,1,20.00,NULL,2,'2025-02-20 16:56:08','1','1'),(274,'TSC00000274',6,'0000 1234 5678 9005',6,NULL,1,12.00,NULL,2,'2025-02-20 16:56:28','1','1'),(275,'TSC00000275',22,'0000 1234 5678 9021',22,NULL,1,8.00,NULL,2,'2025-02-20 16:56:41','1','1'),(276,'TSC00000276',27,'0000 1234 5678 9026',27,NULL,1,45.00,NULL,2,'2025-02-20 16:57:09','1','1'),(277,'TSC00000277',2,'0000 1234 5678 9001',2,NULL,1,10.00,NULL,2,'2025-02-20 16:57:36','1','1'),(278,'TSC00000278',7,'0000 1234 5678 9006',20,'0000 1234 5678 9019',3,720.00,NULL,2,'2025-02-20 16:58:44','1','1'),(279,'TSC00000279',17,'0000 1234 5678 9016',17,NULL,1,1020.00,NULL,2,'2025-02-20 16:59:15','1','1'),(280,'TSC00000280',12,'0000 1234 5678 9011',12,NULL,2,12345.00,NULL,3,'2025-02-20 17:02:10','1','1'),(281,'TSC00000281',7,'0000 1234 5678 9006',7,NULL,2,123.00,NULL,2,'2025-02-20 17:02:30','1','1'),(282,'TSC00000282',7,'0000 1234 5678 9006',7,NULL,2,120.00,NULL,2,'2025-02-20 17:02:47','1','1'),(283,'TSC00000283',10,'0000 1234 5678 9009',10,NULL,2,12346.00,NULL,3,'2025-02-20 17:03:02','1','1'),(284,'TSC00000284',1,'0000 1234 5678 9030',25,'0000 1234 5678 9024',3,125.00,'Holis',2,'2025-02-20 17:03:31','1','1'),(285,'TSC00000285',11,'0000 1234 5678 9010',11,NULL,2,12578.00,NULL,2,'2025-02-20 17:04:00','1','1'),(286,'TSC00000286',21,'0000 1234 5678 9020',21,NULL,2,15690.00,NULL,3,'2025-02-20 17:04:15','1','1'),(287,'TSC00000287',15,'0000 1234 5678 9014',15,NULL,2,15420.00,NULL,2,'2025-02-20 17:05:06','1','1'),(288,'TSC00000288',13,'0000 1234 5678 9012',13,NULL,1,700.00,NULL,2,'2025-02-20 17:21:52','1','1'),(289,'TSC00000289',11,'0000 1234 5678 9010',11,NULL,2,12345.00,NULL,2,'2025-02-20 17:22:17','1','1'),(290,'TSC00000290',5,'0000 1234 5678 9004',5,NULL,2,11789.00,NULL,1,'2025-02-20 17:22:55','1',NULL),(291,'TSC00000291',22,'0000 1234 5678 9021',22,NULL,2,12345.00,NULL,1,'2025-02-20 17:23:09','1',NULL),(292,'TSC00000292',27,'0000 1234 5678 9026',27,NULL,2,10900.00,NULL,1,'2025-02-20 17:23:28','1',NULL),(293,'TSC00000293',17,'0000 1234 5678 9016',17,NULL,2,12345.00,NULL,2,'2025-02-21 12:17:21','2','1');
/*!40000 ALTER TABLE `transactions` ENABLE KEYS */;
UNLOCK TABLES;

--
-- Table structure for table `users`
--

DROP TABLE IF EXISTS `users`;
/*!40101 SET @saved_cs_client     = @@character_set_client */;
/*!50503 SET character_set_client = utf8mb4 */;
CREATE TABLE `users` (
  `id` int NOT NULL AUTO_INCREMENT,
  `user_id` varchar(255) NOT NULL,
  `username` varchar(100) NOT NULL,
  `password` varchar(255) NOT NULL,
  `email` varchar(255) NOT NULL,
  `role_id` int NOT NULL,
  `pin` varchar(255) DEFAULT NULL,
  `deleted_at` datetime DEFAULT NULL,
  `updated_at` datetime DEFAULT NULL,
  PRIMARY KEY (`id`),
  KEY `role_id` (`role_id`),
  CONSTRAINT `users_ibfk_1` FOREIGN KEY (`role_id`) REFERENCES `roles` (`id`)
) ENGINE=InnoDB AUTO_INCREMENT=4 DEFAULT CHARSET=utf8mb4 COLLATE=utf8mb4_0900_ai_ci;
/*!40101 SET character_set_client = @saved_cs_client */;

--
-- Dumping data for table `users`
--

LOCK TABLES `users` WRITE;
/*!40000 ALTER TABLE `users` DISABLE KEYS */;
INSERT INTO `users` VALUES (1,'6b86b273ff34fce19d6b804eff5a3f5747ada4eaa22f1d49c01e52ddb7875b4b','David Cruz','791600add16b8f1b60280a9db9560d93a2a966b0d960a2f72eb03f04ac9b5f9c','david.cruz@bambu.com',1,'791600add16b8f1b60280a9db9560d93a2a966b0d960a2f72eb03f04ac9b5f9c',NULL,NULL),(2,'d4735e3a265e16eee03f59718b9b5d03019c07d8b6c51f90da3a666eec13ab35','Jorge Cabrera','01a24a338a92dae446467a2b6bf3af720005eb3cfad463df00bd749ed9734db1','jorge.cabrera@bambu.com',2,NULL,NULL,NULL),(3,'4e07408562bedb8b60ce05c1decfe3ad16b72230967de01f640b7e4729b49fce','Joaquín Reyes','ef797c8118f02dfb649607dd5d3f8c7623048c9c063d532cc95c5ed7a898a64f','joaquin.reyes@bambu.com',1,'15e2b0d3c33891ebb0f1ef609ec419420c20e320ce94c65fbc8c3312448eb225',NULL,NULL);
/*!40000 ALTER TABLE `users` ENABLE KEYS */;
UNLOCK TABLES;

--
-- Dumping routines for database 'bank_collection_db'
--
/*!50003 DROP PROCEDURE IF EXISTS `getReports` */;
/*!50003 SET @saved_cs_client      = @@character_set_client */ ;
/*!50003 SET @saved_cs_results     = @@character_set_results */ ;
/*!50003 SET @saved_col_connection = @@collation_connection */ ;
/*!50003 SET character_set_client  = utf8mb4 */ ;
/*!50003 SET character_set_results = utf8mb4 */ ;
/*!50003 SET collation_connection  = utf8mb4_0900_ai_ci */ ;
/*!50003 SET @saved_sql_mode       = @@sql_mode */ ;
/*!50003 SET sql_mode              = 'ONLY_FULL_GROUP_BY,STRICT_TRANS_TABLES,NO_ZERO_IN_DATE,NO_ZERO_DATE,ERROR_FOR_DIVISION_BY_ZERO,NO_ENGINE_SUBSTITUTION' */ ;
DELIMITER ;;
CREATE DEFINER=`root`@`localhost` PROCEDURE `getReports`(IN start_date DATETIME, IN end_date DATETIME)
BEGIN
    -- 1️⃣ Transacciones detalladas con tipo de transacción
    SELECT customers.name AS sender, CONCAT('**** **** **** ', RIGHT(transactions.sender_account, 4)) AS sender_account, receivers.name AS receiver, CONCAT('**** **** **** ', RIGHT(transactions.receiver_account, 4)) AS receiver_account, transactions.amount, transaction_types.transaction_type, CASE WHEN transactions.status = 1 THEN 'En Espera' WHEN transactions.status = 2 THEN 'Aprobada' WHEN transactions.status = 3 THEN 'Rechazada' END AS status, users.username AS authorized_by, transactions.date_hour AS datetime
    FROM transactions INNER JOIN customers ON customers.id = transactions.customer_id INNER JOIN customers receivers ON receivers.id = transactions.receiver_id INNER JOIN users ON users.id = transactions.authorized_by
    INNER JOIN transaction_types ON transaction_types.id = transactions.transaction_type_id
    WHERE transactions.status != 1 AND transactions.date_hour BETWEEN start_date AND end_date
    ORDER BY transactions.date_hour DESC;

    -- 2️⃣ Suma total de montos agrupados por tipo de transacción
    SELECT transaction_types.transaction_type, SUM(transactions.amount) AS amount 
    FROM transactions 
    INNER JOIN transaction_types ON transaction_types.id = transactions.transaction_type_id 
    WHERE transactions.date_hour BETWEEN start_date AND end_date
    GROUP BY transactions.transaction_type_id
    ORDER BY amount DESC;

    -- 3️⃣ Suma total de montos agrupados por cobrador
    SELECT collectors.collector, SUM(payments_collectors.amount) AS amount 
    FROM payments_collectors 
    INNER JOIN collectors ON collectors.id = payments_collectors.collector_id 
    WHERE payments_collectors.date_hour BETWEEN start_date AND end_date
    GROUP BY collectors.collector
    ORDER BY amount DESC;

    -- 4️⃣ Suma total de montos agrupados por servicio
    SELECT collectors.collector, services.service_name, SUM(payments_collectors.amount) AS amount 
    FROM payments_collectors 
    INNER JOIN collectors ON collectors.id = payments_collectors.collector_id
    INNER JOIN services ON services.id = payments_collectors.service_id -- Relacionar correctamente con service_id
    WHERE payments_collectors.date_hour BETWEEN start_date AND end_date
    GROUP BY collectors.collector, services.service_name
    ORDER BY amount DESC; -- Agrupar por el nombre del servicio

END ;;
DELIMITER ;
/*!50003 SET sql_mode              = @saved_sql_mode */ ;
/*!50003 SET character_set_client  = @saved_cs_client */ ;
/*!50003 SET character_set_results = @saved_cs_results */ ;
/*!50003 SET collation_connection  = @saved_col_connection */ ;
/*!40103 SET TIME_ZONE=@OLD_TIME_ZONE */;

/*!40101 SET SQL_MODE=@OLD_SQL_MODE */;
/*!40014 SET FOREIGN_KEY_CHECKS=@OLD_FOREIGN_KEY_CHECKS */;
/*!40014 SET UNIQUE_CHECKS=@OLD_UNIQUE_CHECKS */;
/*!40101 SET CHARACTER_SET_CLIENT=@OLD_CHARACTER_SET_CLIENT */;
/*!40101 SET CHARACTER_SET_RESULTS=@OLD_CHARACTER_SET_RESULTS */;
/*!40101 SET COLLATION_CONNECTION=@OLD_COLLATION_CONNECTION */;
/*!40111 SET SQL_NOTES=@OLD_SQL_NOTES */;

-- Dump completed on 2025-03-04  9:06:59
